https://www.kbplus.ac.uk/kbplus/subscriptionDetails/index/13021,51411,Anglia_Ruskin_University,Band 5B,Higher Education,Anglia Ruskin University,Active,2015-05-11,Exact Editions: The Wire,2015-05-18,2016-02-28,JISC Collections Exact Editions Magazine Service Licence February 2016,2013-03-01,2016-02-28,Direct,England,Request sent,Yearly Agreement
https://www.kbplus.ac.uk/kbplus/subscriptionDetails/index/13022,51524,Bangor_University,Band 5B,Higher Education,Bangor University,Active,2015-05-26,Foreign Broadcast Information Service Daily Reports: Jisc Collections Selection: 2014-2019,2015-05-26,2019-08-31,Jisc Collections Newsbank Readex FBIS 2014-2019 HE,2014-09-01,2019-08-31,Sublicence,Wales,Active,Yearly Agreement
https://www.kbplus.ac.uk/kbplus/subscriptionDetails/index/13023,51357,Bath_Spa_University,Band 8,Higher Education,Bath Spa University,Active,2015-05-05,Exact Editions: The Wire,2015-05-05,2016-02-28,JISC Collections Exact Editions Magazine Service Licence February 2016,2013-03-01,2016-02-28,Direct,England,Request sent,Yearly Agreement
https://www.kbplus.ac.uk/kbplus/subscriptionDetails/index/13024,51414,Birkbeck_College,Band 7,Higher Education,Birkbeck College,Active,2015-05-11,Open Library of Humanities Library Partnership 2015-2017 ,2015-05-11,2018-04-30,Open Library of Humanities Library Partnership Membership Contract,2015-05-01,2018-04-30,Direct,England,Active,Yearly Agreement
https://www.kbplus.ac.uk/kbplus/subscriptionDetails/index/13025,51521,Birkbeck_College,Band 7,Higher Education,Birkbeck College,Active,2015-05-26,Cambridge Books Online Evidence-based Acquisition 2015,2015-08-01,2016-07-31,Cambridge Books Online Evidence Based Acquisition 2015,2015-08-01,2016-07-31,Direct,England,Request sent,Yearly Agreement
https://www.kbplus.ac.uk/kbplus/subscriptionDetails/index/13026,51528,Birkbeck_College,Band 7,Higher Education,Birkbeck College,Active,2015-05-27,SpringerProtocols,2015-05-27,2017-12-31,SpringerProtocols,2013-01-01,2017-12-31,Sublicence,England,Active,Free Agreement
https://www.kbplus.ac.uk/kbplus/subscriptionDetails/index/13027,51408,Birmingham_City_University,Band 5B,Higher Education,Birmingham City University,Active,2015-05-11,Scopus 2015 to 2020 Agreement - Annual Commitment,2015-05-11,2020-03-31,Jisc Collections Elsevier Scopus Agreement March 2020,2015-04-01,2020-03-31,Direct,England,Request sent,Yearly Agreement
https://www.kbplus.ac.uk/kbplus/subscriptionDetails/index/13028,51402,Bournemouth_University,Band 5B,Higher Education,Bournemouth University,Active,2015-05-08,Scopus 2015 to 2020 Agreement - Multi Year Commitment,2015-05-08,2020-03-31,Jisc Collections Elsevier Scopus Agreement March 2020,2015-04-01,2020-03-31,Direct,England,Request sent,Yearly Agreement
https://www.kbplus.ac.uk/kbplus/subscriptionDetails/index/13029,51369,Brunel_University,Band 5B,Higher Education,Brunel University,Active,2015-05-06,Scopus 2015 to 2020 Agreement - Multi Year Commitment,2015-05-06,2020-03-31,Jisc Collections Elsevier Scopus Agreement March 2020,2015-04-01,2020-03-31,Direct,England,Request sent,Yearly Agreement
https://www.kbplus.ac.uk/kbplus/subscriptionDetails/index/13030,51350,Canterbury_Christ_Church_University,Band 6,Higher Education,Canterbury Christ Church University,Active,2015-05-01,Foreign Broadcast Information Service Daily Reports: Jisc Collections Selection: 2014-2019,2015-05-01,2019-08-31,Jisc Collections Newsbank Readex FBIS 2014-2019 HE,2014-09-01,2019-08-31,Sublicence,England,Active,Yearly Agreement
https://www.kbplus.ac.uk/kbplus/subscriptionDetails/index/13031,51505,Cardiff_Metropolitan_University,Band 7,Higher Education,Cardiff Metropolitan University,Active,2015-05-21,Scopus 2015 to 2020 Agreement - Multi Year Commitment,2015-05-21,2020-03-31,Jisc Collections Elsevier Scopus Agreement March 2020,2015-04-01,2020-03-31,Direct,Wales,Request sent,Yearly Agreement
https://www.kbplus.ac.uk/kbplus/subscriptionDetails/index/13032,51403,Cardiff_University,Band 3,Higher Education,Cardiff University,Active,2015-05-08,Open Book Publishers Membership Scheme 2015-2018,2015-05-08,2018-02-28,Jisc Collections OBP Membership Feb 2018,2015-03-01,2018-02-28,Direct,Wales,Active,Yearly Agreement
https://www.kbplus.ac.uk/kbplus/subscriptionDetails/index/13033,51404,Cardiff_University,Band 3,Higher Education,Cardiff University,Active,2015-05-08,De Gruyter Open Access Membership Scheme 2015-2017,2015-05-08,2015-12-31,De Gruyter OA Membership Scheme 2015-2017,2015-01-01,2015-12-31,Direct,Wales,Request sent,Free Agreement
https://www.kbplus.ac.uk/kbplus/subscriptionDetails/index/13034,51405,Cardiff_University,Band 3,Higher Education,Cardiff University,Active,2015-05-08,IOP Journal Archive 1874-1998 (access period 2015 to 2019),2015-05-08,2019-12-31,Jisc Collections Institute of Physics IOP Archive Dec 2019,2015-01-01,2019-12-31,Direct,Wales,Request sent,Free Agreement
https://www.kbplus.ac.uk/kbplus/subscriptionDetails/index/13035,51406,Cardiff_University,Band 3,Higher Education,Cardiff University,Active,2015-05-08,Foreign Broadcast Information Service Daily Reports: Jisc Collections Selection: 2014-2019,2015-05-08,2019-08-31,Jisc Collections Newsbank Readex FBIS 2014-2019 HE,2014-09-01,2019-08-31,Sublicence,Wales,Active,Yearly Agreement
https://www.kbplus.ac.uk/kbplus/subscriptionDetails/index/13036,51422,Cardiff_University,Band 3,Higher Education,Cardiff University,Active,2015-05-12,Scopus 2015 to 2020 Agreement - Multi Year Commitment,2015-05-12,2020-03-31,Jisc Collections Elsevier Scopus Agreement March 2020,2015-04-01,2020-03-31,Direct,Wales,Request sent,Yearly Agreement
https://www.kbplus.ac.uk/kbplus/subscriptionDetails/index/13037,51434,Cardiff_University,Band 3,Higher Education,Cardiff University,Active,2015-05-13,Journal and Highly Cited Data (JHCD) - Upgrade for JCR 3 Year Commitment Subscribers,2015-06-01,2016-09-30,Jisc Collections Thomson Reuters Journal and Highly Cited Data Upgrade Sept 2016,2014-10-01,2016-09-30,Sublicence,Wales,Active,Yearly Agreement
https://www.kbplus.ac.uk/kbplus/subscriptionDetails/index/13038,51347,"City_University,_London",Band 5A,Higher Education,"City University, London",Active,2015-05-01,Foreign Broadcast Information Service Daily Reports: Jisc Collections Selection: 2014-2019,2015-05-01,2019-08-31,Jisc Collections Newsbank Readex FBIS 2014-2019 HE,2014-09-01,2019-08-31,Sublicence,England,Active,Yearly Agreement
https://www.kbplus.ac.uk/kbplus/subscriptionDetails/index/13039,51379,"City_University,_London",Band 5A,Higher Education,"City University, London",Active,2015-05-07,Scopus 2015 to 2020 Agreement - Multi Year Commitment,2015-05-07,2020-03-31,Jisc Collections Elsevier Scopus Agreement March 2020,2015-04-01,2020-03-31,Direct,England,Request sent,Yearly Agreement
https://www.kbplus.ac.uk/kbplus/subscriptionDetails/index/13040,51466,"City_University,_London",Band 5A,Higher Education,"City University, London",Active,2015-05-18,Digimap Ordnance Survey Collection®  2014-2016,2015-05-18,2016-07-31,Digimap Main HE and FE Licence with End User Licence Agreement 2014,2014-08-01,2016-07-31,Sublicence,England,Active,Yearly Agreement
https://www.kbplus.ac.uk/kbplus/subscriptionDetails/index/13041,51409,Courtauld_Institute_of_Art,Band 10,Higher Education,Courtauld Institute of Art,Active,2015-05-11,"ProQuest Archives 2014-2017 (House of Commons Parliamentary Papers, British Periodicals Collections I and II, Periodicals Archive Online: Jisc Collections Selection, Early European Books Parts 1-4, and the Vogue Archive)",2015-05-11,2017-10-31,"Jisc Collections ProQuest 18 19 20 C House of Commons Parliamentary Papers, British Periodicals Collection I & II, Periodicals Archive Online Jisc Coll Selection, Early European Books 1-4 and The Vogue Archive October 2017",2014-11-01,2017-10-31,Sublicence,England,Active,Yearly Agreement
https://www.kbplus.ac.uk/kbplus/subscriptionDetails/index/13042,51407,Coventry_University,Band 5A,Higher Education,Coventry University,Active,2015-05-11,Scopus 2015 to 2020 Agreement - Multi Year Commitment,2015-05-11,2020-03-31,Jisc Collections Elsevier Scopus Agreement March 2020,2015-04-01,2020-03-31,Direct,England,Request sent,Yearly Agreement
https://www.kbplus.ac.uk/kbplus/subscriptionDetails/index/13043,51415,Cranfield_University,Band 5B,Higher Education,Cranfield University,Active,2015-05-11,Science Classic,2015-05-11,2114-06-30,Science Classic,2014-07-01,2114-06-30,Sublicence,England,Active,Free Agreement
https://www.kbplus.ac.uk/kbplus/subscriptionDetails/index/13044,51472,Cranfield_University,Band 5B,Higher Education,Cranfield University,Active,2015-05-19,Scopus 2015 to 2020 Agreement - Multi Year Commitment,2015-05-19,2020-03-31,Jisc Collections Elsevier Scopus Agreement March 2020,2015-04-01,2020-03-31,Direct,England,Request sent,Yearly Agreement
https://www.kbplus.ac.uk/kbplus/subscriptionDetails/index/13045,51418,Durham_University,Band 4,Higher Education,Durham University,Active,2015-05-11,Cambridge Histories Online outright purchase agreement,2015-05-11,2113-09-30,JISC Collections Cambridge University Press Cambridge Histories Online September 2016,2013-10-01,2113-09-30,Direct,England,Request sent,One-off Agreement
https://www.kbplus.ac.uk/kbplus/subscriptionDetails/index/13046,51442,Durham_University,Band 4,Higher Education,Durham University,Active,2015-05-13,The Literary Encyclopedia (2015 to 2018) Renewing Institutions,2015-09-01,2018-08-31,Jisc Collections LiteraryDictionary Company Literary Encyclopedia Aug 2018,2015-09-01,2018-08-31,Sublicence,England,Active,Yearly Agreement
https://www.kbplus.ac.uk/kbplus/subscriptionDetails/index/13047,51454,Durham_University,Band 4,Higher Education,Durham University,Active,2015-05-14,Niermeyer Online,2015-05-14,2017-12-31,Jisc Collections Koninklijke Brill Niermeyer Online Dec 2017,2015-01-01,2017-12-31,Direct,England,Request sent,One-off Agreement
https://www.kbplus.ac.uk/kbplus/subscriptionDetails/index/13048,51503,Durham_University,Band 4,Higher Education,Durham University,Active,2015-05-21,Open Library of Humanities Library Partnership 2015-2017 ,2015-05-21,2018-04-30,Open Library of Humanities Library Partnership Membership Contract,2015-05-01,2018-04-30,Direct,England,Request sent,Yearly Agreement
https://www.kbplus.ac.uk/kbplus/subscriptionDetails/index/13049,51348,Edge_Hill_University,Band 6,Higher Education,Edge Hill University,Active,2015-05-01,Foreign Broadcast Information Service Daily Reports: Jisc Collections Selection: 2014-2019,2015-05-01,2019-08-31,Jisc Collections Newsbank Readex FBIS 2014-2019 HE,2014-09-01,2019-08-31,Sublicence,England,Active,Yearly Agreement
https://www.kbplus.ac.uk/kbplus/subscriptionDetails/index/13050,51441,Edge_Hill_University,Band 6,Higher Education,Edge Hill University,Active,2015-05-13,The Literary Encyclopedia (2015 to 2018) Renewing Institutions,2015-09-01,2018-08-31,Jisc Collections LiteraryDictionary Company Literary Encyclopedia Aug 2018,2015-09-01,2018-08-31,Sublicence,England,Active,Yearly Agreement
https://www.kbplus.ac.uk/kbplus/subscriptionDetails/index/13051,51474,"Goldsmiths_College,_University_of_London",Band 7,Higher Education,"Goldsmiths College, University of London",Active,2015-05-19,The Literary Encyclopedia (2015 to 2018) Renewing Institutions,2015-09-01,2018-08-31,Jisc Collections LiteraryDictionary Company Literary Encyclopedia Aug 2018,2015-09-01,2018-08-31,Sublicence,England,Active,Yearly Agreement
https://www.kbplus.ac.uk/kbplus/subscriptionDetails/index/13052,51535,"Goldsmiths_College,_University_of_London",Band 7,Higher Education,"Goldsmiths College, University of London",Active,2015-05-28,Shakespeare Survey Online (SSO) 2015 - 2018 agreement,2015-06-01,2018-01-08,Jisc Collections CUP Cambridge Companions Online Jan 2018,2015-01-09,2018-01-08,Sublicence,England,Active,Yearly Agreement
https://www.kbplus.ac.uk/kbplus/subscriptionDetails/index/13053,51421,Heriot-Watt_University,Band 5B,Higher Education,Heriot-Watt University,Active,2015-05-11,Science Classic,2015-05-12,2114-06-30,Science Classic,2014-07-01,2114-06-30,Sublicence,Scotland,Active,Free Agreement
https://www.kbplus.ac.uk/kbplus/subscriptionDetails/index/13054,51413,Imperial_College_London,Band 2,Higher Education,Imperial College London,Active,2015-05-11,Scopus 2015 to 2020 Agreement - Multi Year Commitment,2015-05-11,2020-03-31,Jisc Collections Elsevier Scopus Agreement March 2020,2015-04-01,2020-03-31,Direct,England,Request sent,Yearly Agreement
https://www.kbplus.ac.uk/kbplus/subscriptionDetails/index/13055,51450,Imperial_College_London,Band 2,Higher Education,Imperial College London,Active,2015-05-14,Very Short Introductions For Higher Education - New Orders 2014-2017,2015-06-01,2017-08-31,Jisc Collections OUP Agreement HE August 2017,2014-09-01,2017-08-31,Sublicence,England,Active,Yearly Agreement
https://www.kbplus.ac.uk/kbplus/subscriptionDetails/index/13056,51451,Imperial_College_London,Band 2,Higher Education,Imperial College London,Active,2015-05-14,Cambridge Books Online Evidence-based Acquisition 2014,2015-05-14,2015-07-31,Cambridge Books Online Evidence-based Acquisition,2014-08-01,2015-07-31,Direct,England,Active,NESLi2 Agreement
https://www.kbplus.ac.uk/kbplus/subscriptionDetails/index/13057,51543,Keele_University,Band 6,Higher Education,Keele University,Active,2015-05-29,Foreign Broadcast Information Service Daily Reports: Jisc Collections Selection: 2014-2019,2015-05-29,2019-08-31,Jisc Collections Newsbank Readex FBIS 2014-2019 HE,2014-09-01,2019-08-31,Sublicence,England,Active,Yearly Agreement
https://www.kbplus.ac.uk/kbplus/subscriptionDetails/index/13058,51392,King's_College_London,Band 2,Higher Education,King's College London,Active,2015-05-07,Science Classic,2015-05-07,2114-06-30,Science Classic,2014-07-01,2114-06-30,Sublicence,England,Active,Free Agreement
https://www.kbplus.ac.uk/kbplus/subscriptionDetails/index/13059,51393,King's_College_London,Band 2,Higher Education,King's College London,Active,2015-05-07,Scopus 2015 to 2020 Agreement - Multi Year Commitment,2015-05-07,2020-03-31,Jisc Collections Elsevier Scopus Agreement March 2020,2015-04-01,2020-03-31,Direct,England,Request sent,Yearly Agreement
https://www.kbplus.ac.uk/kbplus/subscriptionDetails/index/13060,51384,Kingston_University,Band 5A,Higher Education,Kingston University,Active,2015-05-07,Scopus 2015 to 2020 Agreement - Multi Year Commitment,2015-05-07,2020-03-31,Jisc Collections Elsevier Scopus Agreement March 2020,2015-04-01,2020-03-31,Direct,England,Request sent,Yearly Agreement
https://www.kbplus.ac.uk/kbplus/subscriptionDetails/index/13061,51433,Kingston_University,Band 5A,Higher Education,Kingston University,Active,2015-05-13,Foreign Broadcast Information Service Daily Reports: Jisc Collections Selection: 2014-2019,2015-05-13,2019-08-31,Jisc Collections Newsbank Readex FBIS 2014-2019 HE,2014-09-01,2019-08-31,Sublicence,England,Active,Yearly Agreement
https://www.kbplus.ac.uk/kbplus/subscriptionDetails/index/13062,51522,Kingston_University,Band 5A,Higher Education,Kingston University,Active,2015-05-26,The Literary Encyclopedia (2015 to 2018) Renewing Institutions,2015-09-01,2018-08-31,Jisc Collections LiteraryDictionary Company Literary Encyclopedia Aug 2018,2015-09-01,2018-08-31,Sublicence,England,Active,Yearly Agreement
https://www.kbplus.ac.uk/kbplus/subscriptionDetails/index/13063,51376,Lancaster_University,Band 5A,Higher Education,Lancaster University,Active,2015-05-06,Scopus 2015 to 2020 Agreement - Multi Year Commitment,2015-05-06,2020-03-31,Jisc Collections Elsevier Scopus Agreement March 2020,2015-04-01,2020-03-31,Direct,England,Request sent,Yearly Agreement
https://www.kbplus.ac.uk/kbplus/subscriptionDetails/index/13064,51511,Lancaster_University,Band 5A,Higher Education,Lancaster University,Active,2015-05-22,Foreign Broadcast Information Service Daily Reports: Jisc Collections Selection: 2014-2019,2015-05-22,2019-08-31,Jisc Collections Newsbank Readex FBIS 2014-2019 HE,2014-09-01,2019-08-31,Sublicence,England,Active,Yearly Agreement
https://www.kbplus.ac.uk/kbplus/subscriptionDetails/index/13065,51525,Lancaster_University,Band 5A,Higher Education,Lancaster University,Active,2015-05-27,The Literary Encyclopedia (2015 to 2018) Renewing Institutions,2015-09-01,2018-08-31,Jisc Collections LiteraryDictionary Company Literary Encyclopedia Aug 2018,2015-09-01,2018-08-31,Sublicence,England,Active,Yearly Agreement
https://www.kbplus.ac.uk/kbplus/subscriptionDetails/index/13066,51512,Leeds_Metropolitan_University,Band 5B,Higher Education,Leeds Beckett University,Active,2015-05-22,Scopus 2015 to 2020 Agreement - Multi Year Commitment,2015-05-22,2020-03-31,Jisc Collections Elsevier Scopus Agreement March 2020,2015-04-01,2020-03-31,Direct,England,Request sent,Yearly Agreement
https://www.kbplus.ac.uk/kbplus/subscriptionDetails/index/13067,51362,Leeds_Trinity_&_All_Saints,Band 9,Higher Education,Leeds Trinity University,Active,2015-05-06,Scopus 2015 to 2020 Agreement - Multi Year Commitment,2015-05-06,2020-03-31,Jisc Collections Elsevier Scopus Agreement March 2020,2015-04-01,2020-03-31,Direct,England,Request sent,Yearly Agreement
https://www.kbplus.ac.uk/kbplus/subscriptionDetails/index/13068,51365,Leeds_Trinity_&_All_Saints,Band 9,Higher Education,Leeds Trinity University,Active,2015-05-06,Foreign Broadcast Information Service Daily Reports: Jisc Collections Selection: 2014-2019,2015-05-06,2019-08-31,Jisc Collections Newsbank Readex FBIS 2014-2019 HE,2014-09-01,2019-08-31,Sublicence,England,Active,Yearly Agreement
https://www.kbplus.ac.uk/kbplus/subscriptionDetails/index/13069,51523,Liverpool_Hope_University,Band 8,Higher Education,Liverpool Hope University,Active,2015-05-26,Childlink agreement - 2015 to 2017,2015-08-01,2017-07-31,JIsc Collections Childlink Agreement July 2017,2015-08-01,2017-07-31,Sublicence,England,Active,Yearly Agreement
https://www.kbplus.ac.uk/kbplus/subscriptionDetails/index/13070,51346,Liverpool_John_Moores_University,Band 5A,Higher Education,Liverpool John Moores University,Active,2015-05-01,Foreign Broadcast Information Service Daily Reports: Jisc Collections Selection: 2014-2019,2015-05-01,2019-08-31,Jisc Collections Newsbank Readex FBIS 2014-2019 HE,2014-09-01,2019-08-31,Sublicence,England,Active,Yearly Agreement
https://www.kbplus.ac.uk/kbplus/subscriptionDetails/index/13071,51396,Liverpool_John_Moores_University,Band 5A,Higher Education,Liverpool John Moores University,Active,2015-05-07,Scopus 2015 to 2020 Agreement - Multi Year Commitment,2015-05-07,2020-03-31,Jisc Collections Elsevier Scopus Agreement March 2020,2015-04-01,2020-03-31,Direct,England,Request sent,Yearly Agreement
https://www.kbplus.ac.uk/kbplus/subscriptionDetails/index/13072,51518,Liverpool_John_Moores_University,Band 5A,Higher Education,Liverpool John Moores University,Active,2015-05-22,SAGE Knowledge eBooks Evidence Based Acquisition (EBA) Agreement,2015-05-22,2015-12-31,Jisc Collections SAGE Publications SAGE Knowledge EBA Dec 2015,2015-01-01,2015-12-31,Direct,England,Request sent,One-off Agreement
https://www.kbplus.ac.uk/kbplus/subscriptionDetails/index/13073,51410,London_Business_School,Band 6,Higher Education,London Business School,Active,2015-05-11,Scopus 2015 to 2020 Agreement - Annual Commitment,2015-05-11,2020-03-31,Jisc Collections Elsevier Scopus Agreement March 2020,2015-04-01,2020-03-31,Direct,England,Request sent,Yearly Agreement
https://www.kbplus.ac.uk/kbplus/subscriptionDetails/index/13074,51387,London_School_of_Economics_&_Political_Science,Band 5A,Higher Education,London School of Economics & Political Science,Active,2015-05-07,Scopus 2015 to 2020 Agreement - Multi Year Commitment,2015-05-07,2020-03-31,Jisc Collections Elsevier Scopus Agreement March 2020,2015-04-01,2020-03-31,Direct,England,Request sent,Yearly Agreement
https://www.kbplus.ac.uk/kbplus/subscriptionDetails/index/13075,51520,London_School_of_Economics_&_Political_Science,Band 5A,Higher Education,London School of Economics & Political Science,Active,2015-05-22,IOP Journal Archive 1874-1998 (access period 2015 to 2019),2015-05-22,2019-12-31,Jisc Collections Institute of Physics IOP Archive Dec 2019,2015-01-01,2019-12-31,Direct,England,Request sent,Free Agreement
https://www.kbplus.ac.uk/kbplus/subscriptionDetails/index/13076,51377,London_School_of_Hygiene_&_Tropical_Medicine,Band 6,Higher Education,London School of Hygiene & Tropical Medicine,Active,2015-05-06,Science Classic,2015-05-11,2114-06-30,Science Classic,2014-07-01,2114-06-30,Sublicence,England,Active,Free Agreement
https://www.kbplus.ac.uk/kbplus/subscriptionDetails/index/13077,51448,London_South_Bank_University,Band 5B,Higher Education,London South Bank University,Active,2015-05-14,American Society of Civil Engineers SMP 2015 Journals Offer,2015-05-14,2015-12-31,ASCE SMP Journals Collection 2015,2015-01-01,2015-12-31,Direct,England,Active,NESLi2 Agreement
https://www.kbplus.ac.uk/kbplus/subscriptionDetails/index/13078,51449,London_South_Bank_University,Band 5B,Higher Education,London South Bank University,Active,2015-05-14,IMechE SMP 2015-2016 offer,2015-05-14,2016-12-31,Jisc Collections SAGE IMechE SMP 2015-2016,2015-01-01,2016-12-31,Sublicence,England,Active,NESLi2 Agreement
https://www.kbplus.ac.uk/kbplus/subscriptionDetails/index/13079,51494,London_South_Bank_University,Band 5B,Higher Education,London South Bank University,Active,2015-05-20,Elsevier NESLi2 2012-2016 offer,2015-05-20,2016-12-31,JISC Collections Elsevier Science Direct December 2016,2012-01-01,2016-12-31,Direct,England,Request sent,NESLi2 Agreement
https://www.kbplus.ac.uk/kbplus/subscriptionDetails/index/13080,51371,Loughborough_University,Band 5A,Higher Education,Loughborough University,Active,2015-05-06,Scopus 2015 to 2020 Agreement - Multi Year Commitment,2015-05-06,2020-03-31,Jisc Collections Elsevier Scopus Agreement March 2020,2015-04-01,2020-03-31,Direct,England,Request sent,Yearly Agreement
https://www.kbplus.ac.uk/kbplus/subscriptionDetails/index/13081,51417,Manchester_Metropolitan_University,Band 4,Higher Education,Manchester Metropolitan University,Active,2015-05-11,Scopus 2015 to 2020 Agreement - Multi Year Commitment,2015-05-11,2020-03-31,Jisc Collections Elsevier Scopus Agreement March 2020,2015-04-01,2020-03-31,Direct,England,Request sent,Yearly Agreement
https://www.kbplus.ac.uk/kbplus/subscriptionDetails/index/13082,51424,Manchester_Metropolitan_University,Band 4,Higher Education,Manchester Metropolitan University,Active,2015-05-12,Foreign Broadcast Information Service Daily Reports: Jisc Collections Selection: 2014-2019,2015-05-12,2019-08-31,Jisc Collections Newsbank Readex FBIS 2014-2019 HE,2014-09-01,2019-08-31,Sublicence,England,Active,Yearly Agreement
https://www.kbplus.ac.uk/kbplus/subscriptionDetails/index/13083,51471,Newcastle_University,Band 3,Higher Education,Newcastle University,Active,2015-05-19,Scopus 2015 to 2020 Agreement - Multi Year Commitment,2015-05-19,2020-03-31,Jisc Collections Elsevier Scopus Agreement March 2020,2015-04-01,2020-03-31,Direct,England,Request sent,Yearly Agreement
https://www.kbplus.ac.uk/kbplus/subscriptionDetails/index/13084,51513,"Newman_University_College,_Birmingham",Band 9,Higher Education,Newman University,Active,2015-05-22,De Gruyter Online Journal Archive offer,2015-05-22,2018-03-16,De Gruyter Online Journal Archive 2015,2015-03-16,2018-03-16,Direct,England,Request sent,One-off Agreement
https://www.kbplus.ac.uk/kbplus/subscriptionDetails/index/13085,51484,Oxford_Brookes_University,Band 5B,Higher Education,Oxford Brookes University,Active,2015-05-20,SAGE Premier Jisc Collections 2015-16 Journals Agreement,2015-05-20,2016-12-31,Jisc Collections SAGE Premier agreement 2015-16,2015-01-01,2016-12-31,Sublicence,England,Active,NESLi2 Agreement
https://www.kbplus.ac.uk/kbplus/subscriptionDetails/index/13086,51368,Queen_Margaret_University,Band 9,Higher Education,Queen Margaret University,Active,2015-05-06,Scopus 2015 to 2020 Agreement - Multi Year Commitment,2015-05-06,2020-03-31,Jisc Collections Elsevier Scopus Agreement March 2020,2015-04-01,2020-03-31,Direct,Scotland,Request sent,Yearly Agreement
https://www.kbplus.ac.uk/kbplus/subscriptionDetails/index/13087,51383,"Queen_Mary,_University_of_London",Band 3,Higher Education,"Queen Mary, University of London",Active,2015-05-07,Scopus 2015 to 2020 Agreement - Multi Year Commitment,2015-05-07,2020-03-31,Jisc Collections Elsevier Scopus Agreement March 2020,2015-04-01,2020-03-31,Direct,England,Request sent,Yearly Agreement
https://www.kbplus.ac.uk/kbplus/subscriptionDetails/index/13088,51386,"Queen_Mary,_University_of_London",Band 3,Higher Education,"Queen Mary, University of London",Active,2015-05-07,Foreign Broadcast Information Service Daily Reports: Jisc Collections Selection: 2014-2019,2015-05-07,2019-08-31,Jisc Collections Newsbank Readex FBIS 2014-2019 HE,2014-09-01,2019-08-31,Sublicence,England,Active,Yearly Agreement
https://www.kbplus.ac.uk/kbplus/subscriptionDetails/index/13089,51367,Queen's_University_Belfast,Band 4,Higher Education,Queen's University Belfast,Active,2015-05-06,Scopus 2015 to 2020 Agreement - Multi Year Commitment,2015-05-06,2020-03-31,Jisc Collections Elsevier Scopus Agreement March 2020,2015-04-01,2020-03-31,Direct,Northern Ireland,Request sent,Yearly Agreement
https://www.kbplus.ac.uk/kbplus/subscriptionDetails/index/13090,51399,"Royal_Holloway,_University_of_London",Band 6,Higher Education,"Royal Holloway, University of London",Active,2015-05-08,Bureau van Dijk Databases 2012-2015 Agreement ,2015-05-10,2015-11-30,JISC Collections Bureau van Dijk Electronic Publishing Ltd Bureau van Dijk Databases November 2015,2012-12-01,2015-11-30,Sublicence,England,Active,Yearly Agreement
https://www.kbplus.ac.uk/kbplus/subscriptionDetails/index/13091,51500,"Royal_Holloway,_University_of_London",Band 6,Higher Education,"Royal Holloway, University of London",Active,2015-05-21,Science Classic,2015-05-21,2114-06-30,Science Classic,2014-07-01,2114-06-30,Sublicence,England,Active,Free Agreement
https://www.kbplus.ac.uk/kbplus/subscriptionDetails/index/13092,51420,Sheffield_Hallam_University,Band 4,Higher Education,Sheffield Hallam University,Active,2015-05-11,Science Classic,2015-05-11,2114-06-30,Science Classic,2014-07-01,2114-06-30,Sublicence,England,Active,Free Agreement
https://www.kbplus.ac.uk/kbplus/subscriptionDetails/index/13093,51432,The_Open_University,Band 2,Higher Education,The Open University,Active,2015-05-13,Scopus 2015 to 2020 Agreement - Multi Year Commitment,2015-05-13,2020-03-31,Jisc Collections Elsevier Scopus Agreement March 2020,2015-04-01,2020-03-31,Direct,England,Request sent,Yearly Agreement
https://www.kbplus.ac.uk/kbplus/subscriptionDetails/index/13094,51498,University_Campus_Suffolk,Band 9,Higher Education,University Campus Suffolk,Active,2015-05-20,Elsevier NESLi2 2012-2016 offer,2015-05-20,2016-12-31,JISC Collections Elsevier Science Direct December 2016,2012-01-01,2016-12-31,Direct,England,Request sent,NESLi2 Agreement
https://www.kbplus.ac.uk/kbplus/subscriptionDetails/index/13095,51353,University_College_Birmingham,Band 9,Higher Education,University College Birmingham,Active,2015-05-05,"ProQuest Archives 2014-2017 (House of Commons Parliamentary Papers, British Periodicals Collections I and II, Periodicals Archive Online: Jisc Collections Selection, Early European Books Parts 1-4, and the Vogue Archive)",2015-05-05,2017-10-31,"Jisc Collections ProQuest 18 19 20 C House of Commons Parliamentary Papers, British Periodicals Collection I & II, Periodicals Archive Online Jisc Coll Selection, Early European Books 1-4 and The Vogue Archive October 2017",2014-11-01,2017-10-31,Sublicence,England,Active,Yearly Agreement
https://www.kbplus.ac.uk/kbplus/subscriptionDetails/index/13096,51514,University_College_Birmingham,Band 9,Higher Education,University College Birmingham,Active,2015-05-22,Elsevier NESLi2 2012-2016 offer,2015-05-22,2016-12-31,JISC Collections Elsevier Science Direct December 2016,2012-01-01,2016-12-31,Direct,England,Request sent,NESLi2 Agreement
https://www.kbplus.ac.uk/kbplus/subscriptionDetails/index/13097,51427,University_College_London,Band 1,Higher Education,University College London,Active,2015-05-12,Scopus 2015 to 2020 Agreement - Multi Year Commitment,2015-05-12,2020-03-31,Jisc Collections Elsevier Scopus Agreement March 2020,2015-04-01,2020-03-31,Direct,England,Request sent,Yearly Agreement
https://www.kbplus.ac.uk/kbplus/subscriptionDetails/index/13098,51438,University_College_London,Band 1,Higher Education,University College London,Active,2015-05-13,IET eBook Ultimate Collection 2014 agreement,2015-05-13,2015-12-31,IET Ultimate eBooks Collection agreement 2014,2014-01-01,2015-12-31,Direct,England,Active,NESLi2 Agreement
https://www.kbplus.ac.uk/kbplus/subscriptionDetails/index/13099,51507,University_College_London,Band 1,Higher Education,University College London,Active,2015-05-21,Karger eBooks Collection 2013-15,2015-05-21,2015-12-31,Karger eBooks 2013-15,2013-01-01,2015-12-31,Direct,England,Request sent,Yearly Agreement
https://www.kbplus.ac.uk/kbplus/subscriptionDetails/index/13100,51532,University_College_London,Band 1,Higher Education,University College London,Active,2015-05-28,Oxford Scholarship Online For Higher Education - New Orders 2014-2017,2015-06-01,2017-08-31,Jisc Collections OUP Agreement HE August 2017,2014-09-01,2017-08-31,Sublicence,England,Request sent,Yearly Agreement
https://www.kbplus.ac.uk/kbplus/subscriptionDetails/index/13101,51547,University_College_London,Band 1,Higher Education,University College London,Active,2015-05-29,Journal and Highly Cited Data (JHCD) - Upgrade for JCR 3 Year Commitment Subscribers,2015-06-10,2016-09-30,Jisc Collections Thomson Reuters Journal and Highly Cited Data Upgrade Sept 2016,2014-10-01,2016-09-30,Sublicence,England,Active,Yearly Agreement
https://www.kbplus.ac.uk/kbplus/subscriptionDetails/index/13102,51361,University_of_Aberdeen,Band 5A,Higher Education,University of Aberdeen,Active,2015-05-06,Scopus 2015 to 2020 Agreement - Multi Year Commitment,2015-05-06,2020-03-31,Jisc Collections Elsevier Scopus Agreement March 2020,2015-04-01,2020-03-31,Direct,Scotland,Request sent,Yearly Agreement
https://www.kbplus.ac.uk/kbplus/subscriptionDetails/index/13103,51400,University_of_Bath,Band 5A,Higher Education,University of Bath,Active,2015-05-08,Scopus 2015 to 2020 Agreement - Multi Year Commitment,2015-05-08,2020-03-31,Jisc Collections Elsevier Scopus Agreement March 2020,2015-04-01,2020-03-31,Direct,England,Request sent,Yearly Agreement
https://www.kbplus.ac.uk/kbplus/subscriptionDetails/index/13104,51391,University_of_Bedfordshire,Band 5B,Higher Education,University of Bedfordshire,Active,2015-05-07,Scopus 2015 to 2020 Agreement - Multi Year Commitment,2015-05-07,2020-03-31,Jisc Collections Elsevier Scopus Agreement March 2020,2015-04-01,2020-03-31,Direct,England,Request sent,Yearly Agreement
https://www.kbplus.ac.uk/kbplus/subscriptionDetails/index/13105,51398,University_of_Birmingham,Band 2,Higher Education,University of Birmingham,Active,2015-05-08,SIAM Journals Collection SMP 2015,2015-05-08,2015-12-31,SIAM Journals Collection SMP 2015,2015-01-01,2015-12-31,Direct,England,Active,NESLi2 Agreement
https://www.kbplus.ac.uk/kbplus/subscriptionDetails/index/13106,51423,University_of_Birmingham,Band 2,Higher Education,University of Birmingham,Active,2015-05-12,Childlink agreement - 2015 to 2017,2015-08-01,2017-07-31,JIsc Collections Childlink Agreement July 2017,2015-08-01,2017-07-31,Sublicence,England,Active,Yearly Agreement
https://www.kbplus.ac.uk/kbplus/subscriptionDetails/index/13107,51460,University_of_Birmingham,Band 2,Higher Education,University of Birmingham,Active,2015-05-15,Scopus 2015 to 2020 Agreement - Annual Commitment,2015-05-15,2020-03-31,Jisc Collections Elsevier Scopus Agreement March 2020,2015-04-01,2020-03-31,Direct,England,Request sent,Yearly Agreement
https://www.kbplus.ac.uk/kbplus/subscriptionDetails/index/13108,51419,University_of_Bolton,Band 8,Higher Education,University of Bolton,Active,2015-05-11,Scopus 2015 to 2020 Agreement - Multi Year Commitment,2015-05-11,2020-03-31,Jisc Collections Elsevier Scopus Agreement March 2020,2015-04-01,2020-03-31,Direct,England,Request sent,Yearly Agreement
https://www.kbplus.ac.uk/kbplus/subscriptionDetails/index/13109,51380,University_of_Bradford,Band 5B,Higher Education,University of Bradford,Active,2015-05-07,Scopus 2015 to 2020 Agreement - Multi Year Commitment,2015-05-07,2020-03-31,Jisc Collections Elsevier Scopus Agreement March 2020,2015-04-01,2020-03-31,Direct,England,Request sent,Yearly Agreement
https://www.kbplus.ac.uk/kbplus/subscriptionDetails/index/13110,51382,University_of_Bradford,Band 5B,Higher Education,University of Bradford,Active,2015-05-07,Foreign Broadcast Information Service Daily Reports: Jisc Collections Selection: 2014-2019,2015-05-07,2019-08-31,Jisc Collections Newsbank Readex FBIS 2014-2019 HE,2014-09-01,2019-08-31,Sublicence,England,Active,Yearly Agreement
https://www.kbplus.ac.uk/kbplus/subscriptionDetails/index/13111,51351,University_of_Cambridge,Band 1,Higher Education,University of Cambridge,Active,2015-05-01,Open Book Publishers Membership Scheme 2015-2018,2015-05-01,2018-02-28,Jisc Collections OBP Membership Feb 2018,2015-03-01,2018-02-28,Direct,England,Active,Yearly Agreement
https://www.kbplus.ac.uk/kbplus/subscriptionDetails/index/13112,51375,University_of_Cambridge,Band 1,Higher Education,University of Cambridge,Active,2015-05-06,Scopus 2015 to 2020 Agreement - Multi Year Commitment,2015-05-06,2020-03-31,Jisc Collections Elsevier Scopus Agreement March 2020,2015-04-01,2020-03-31,Direct,England,Request sent,Yearly Agreement
https://www.kbplus.ac.uk/kbplus/subscriptionDetails/index/13113,51495,University_of_Central_Lancashire,Band 5A,Higher Education,University of Central Lancashire,Active,2015-05-20,Digimap Ordnance Survey Collection®  2014-2016,2015-05-20,2016-07-31,Digimap Main HE and FE Licence with End User Licence Agreement 2014,2014-08-01,2016-07-31,Sublicence,England,Active,Yearly Agreement
https://www.kbplus.ac.uk/kbplus/subscriptionDetails/index/13114,51496,University_of_Central_Lancashire,Band 5A,Higher Education,University of Central Lancashire,Active,2015-05-20,Foreign Broadcast Information Service Daily Reports: Jisc Collections Selection: 2014-2019,2015-05-20,2019-08-31,Jisc Collections Newsbank Readex FBIS 2014-2019 HE,2014-09-01,2019-08-31,Sublicence,England,Active,Yearly Agreement
https://www.kbplus.ac.uk/kbplus/subscriptionDetails/index/13115,51388,University_of_Dundee,Band 4,Higher Education,University of Dundee,Active,2015-05-07,Scopus 2015 to 2020 Agreement - Annual Commitment,2015-05-07,2020-03-31,Jisc Collections Elsevier Scopus Agreement March 2020,2015-04-01,2020-03-31,Direct,Scotland,Request sent,Yearly Agreement
https://www.kbplus.ac.uk/kbplus/subscriptionDetails/index/13116,51373,University_of_East_Anglia,Band 5A,Higher Education,University of East Anglia,Active,2015-05-06,Foreign Broadcast Information Service Daily Reports: Jisc Collections Selection: 2014-2019,2015-05-06,2019-08-31,Jisc Collections Newsbank Readex FBIS 2014-2019 HE,2014-09-01,2019-08-31,Sublicence,England,Active,Yearly Agreement
https://www.kbplus.ac.uk/kbplus/subscriptionDetails/index/13117,51440,University_of_East_Anglia,Band 5A,Higher Education,University of East Anglia,Active,2015-05-13,Digital Theatre Plus,2015-05-13,2016-04-30,JISC Collections Digital Theatre Ltd Digital Theatre Plus Apr 2016,2013-05-01,2016-04-30,Direct,England,Request sent,Yearly Agreement
https://www.kbplus.ac.uk/kbplus/subscriptionDetails/index/13118,51457,University_of_East_Anglia,Band 5A,Higher Education,University of East Anglia,Active,2015-05-15,Scopus 2015 to 2020 Agreement - Multi Year Commitment,2015-05-15,2020-03-31,Jisc Collections Elsevier Scopus Agreement March 2020,2015-04-01,2020-03-31,Direct,England,Request sent,Yearly Agreement
https://www.kbplus.ac.uk/kbplus/subscriptionDetails/index/13119,51456,University_of_East_London,Band 5B,Higher Education,University of East London,Active,2015-05-14,Scopus 2015 to 2020 Agreement - Annual Commitment,2015-05-14,2020-03-31,Jisc Collections Elsevier Scopus Agreement March 2020,2015-04-01,2020-03-31,Direct,England,Request sent,Yearly Agreement
https://www.kbplus.ac.uk/kbplus/subscriptionDetails/index/13120,51363,University_of_Edinburgh,Band 2,Higher Education,University of Edinburgh,Active,2015-05-06,Scopus 2015 to 2020 Agreement - Multi Year Commitment,2015-05-06,2020-03-31,Jisc Collections Elsevier Scopus Agreement March 2020,2015-04-01,2020-03-31,Direct,Scotland,Request sent,Yearly Agreement
https://www.kbplus.ac.uk/kbplus/subscriptionDetails/index/13121,51531,University_of_Edinburgh,Band 2,Higher Education,University of Edinburgh,Active,2015-05-27,Elsevier NESLi2 2012-2016 offer,2015-05-27,2016-12-31,JISC Collections Elsevier Science Direct December 2016,2012-01-01,2016-12-31,Direct,Scotland,Request sent,NESLi2 Agreement
https://www.kbplus.ac.uk/kbplus/subscriptionDetails/index/13122,51443,University_of_Essex,Band 5B,Higher Education,University of Essex,Active,2015-05-13,The Literary Encyclopedia (2015 to 2018) Renewing Institutions,2015-09-01,2018-08-31,Jisc Collections LiteraryDictionary Company Literary Encyclopedia Aug 2018,2015-09-01,2018-08-31,Sublicence,England,Active,Yearly Agreement
https://www.kbplus.ac.uk/kbplus/subscriptionDetails/index/13123,51390,University_of_Exeter,Band 4,Higher Education,University of Exeter,Active,2015-05-07,Scopus 2015 to 2020 Agreement - Multi Year Commitment,2015-05-07,2020-03-31,Jisc Collections Elsevier Scopus Agreement March 2020,2015-04-01,2020-03-31,Direct,England,Request sent,Yearly Agreement
https://www.kbplus.ac.uk/kbplus/subscriptionDetails/index/13124,51540,University_of_Exeter,Band 4,Higher Education,University of Exeter,Active,2015-05-28,Foreign Broadcast Information Service Daily Reports: Jisc Collections Selection: 2014-2019,2015-05-28,2019-08-31,Jisc Collections Newsbank Readex FBIS 2014-2019 HE,2014-09-01,2019-08-31,Sublicence,England,Active,Yearly Agreement
https://www.kbplus.ac.uk/kbplus/subscriptionDetails/index/13125,51356,University_of_Greenwich,Band 5A,Higher Education,University of Greenwich,Active,2015-05-05,RSC Journals Archive 1841-2007 for NESLi2 subscribers,2015-05-11,2018-12-31,Royal Society of Chemistry Jisc Collections RSC Journals Archive 1841-2007 NESLi2 Dec 2018,2014-01-01,2018-12-31,Direct,England,Request sent,Yearly Agreement
https://www.kbplus.ac.uk/kbplus/subscriptionDetails/index/13126,51358,University_of_Greenwich,Band 5A,Higher Education,University of Greenwich,Active,2015-05-05,Science Classic,2015-05-05,2114-06-30,Science Classic,2014-07-01,2114-06-30,Sublicence,England,Active,Free Agreement
https://www.kbplus.ac.uk/kbplus/subscriptionDetails/index/13127,51359,University_of_Greenwich,Band 5A,Higher Education,University of Greenwich,Active,2015-05-05,SpringerProtocols,2015-05-11,2017-12-31,SpringerProtocols,2013-01-01,2017-12-31,Sublicence,England,Active,Free Agreement
https://www.kbplus.ac.uk/kbplus/subscriptionDetails/index/13128,51504,University_of_Hertfordshire,Band 4,Higher Education,University of Hertfordshire,Active,2015-05-21,Elsevier NESLi2 2012-2016 offer,2015-05-21,2016-12-31,JISC Collections Elsevier Science Direct December 2016,2012-01-01,2016-12-31,Direct,England,Request sent,NESLi2 Agreement
https://www.kbplus.ac.uk/kbplus/subscriptionDetails/index/13129,51374,University_of_Huddersfield,Band 5B,Higher Education,University of Huddersfield,Active,2015-05-06,Scopus 2015 to 2020 Agreement - Multi Year Commitment,2015-05-06,2020-03-31,Jisc Collections Elsevier Scopus Agreement March 2020,2015-04-01,2020-03-31,Direct,England,Request sent,Yearly Agreement
https://www.kbplus.ac.uk/kbplus/subscriptionDetails/index/13130,51469,University_of_Hull,Band 5B,Higher Education,University of Hull,Active,2015-05-18,SAGE Knowledge eBooks Evidence Based Acquisition (EBA) Agreement,2015-06-01,2015-12-31,Jisc Collections SAGE Publications SAGE Knowledge EBA Dec 2015,2015-01-01,2015-12-31,Direct,England,Request sent,One-off Agreement
https://www.kbplus.ac.uk/kbplus/subscriptionDetails/index/13131,51478,University_of_Hull,Band 5B,Higher Education,University of Hull,Active,2015-05-19,Scopus 2015 to 2020 Agreement - Multi Year Commitment,2015-05-19,2020-03-31,Jisc Collections Elsevier Scopus Agreement March 2020,2015-04-01,2020-03-31,Direct,England,Request sent,Yearly Agreement
https://www.kbplus.ac.uk/kbplus/subscriptionDetails/index/13132,51378,University_of_Kent,Band 5B,Higher Education,University of Kent,Active,2015-05-07,Scopus 2015 to 2020 Agreement - Multi Year Commitment,2015-05-07,2020-03-31,Jisc Collections Elsevier Scopus Agreement March 2020,2015-04-01,2020-03-31,Direct,England,Request sent,Yearly Agreement
https://www.kbplus.ac.uk/kbplus/subscriptionDetails/index/13133,51483,University_of_Leicester,Band 4,Higher Education,University of Leicester,Active,2015-05-20,Elsevier NESLi2 2012-2016 offer,2015-05-20,2016-12-31,JISC Collections Elsevier Science Direct December 2016,2012-01-01,2016-12-31,Direct,England,Request sent,NESLi2 Agreement
https://www.kbplus.ac.uk/kbplus/subscriptionDetails/index/13134,51509,University_of_Leicester,Band 4,Higher Education,University of Leicester,Active,2015-05-22,Scopus 2015 to 2020 Agreement - Multi Year Commitment,2015-05-22,2020-03-31,Jisc Collections Elsevier Scopus Agreement March 2020,2015-04-01,2020-03-31,Direct,England,Request sent,Yearly Agreement
https://www.kbplus.ac.uk/kbplus/subscriptionDetails/index/13135,51548,University_of_Leicester,Band 4,Higher Education,University of Leicester,Active,2015-05-29,Foreign Broadcast Information Service Daily Reports: Jisc Collections Selection: 2014-2019,2015-05-29,2019-08-31,Jisc Collections Newsbank Readex FBIS 2014-2019 HE,2014-09-01,2019-08-31,Sublicence,England,Active,Yearly Agreement
https://www.kbplus.ac.uk/kbplus/subscriptionDetails/index/13136,51461,University_of_Lincoln,Band 7,Higher Education,University of Lincoln,Active,2015-05-15,Science Classic,2015-05-15,2114-06-30,Science Classic,2014-07-01,2114-06-30,Sublicence,England,Active,Free Agreement
https://www.kbplus.ac.uk/kbplus/subscriptionDetails/index/13137,51366,University_of_Liverpool,Band 3,Higher Education,University of Liverpool,Active,2015-05-06,Scopus 2015 to 2020 Agreement - Multi Year Commitment,2015-05-06,2020-03-31,Jisc Collections Elsevier Scopus Agreement March 2020,2015-04-01,2020-03-31,Direct,England,Request sent,Yearly Agreement
https://www.kbplus.ac.uk/kbplus/subscriptionDetails/index/13138,51485,University_of_Liverpool,Band 3,Higher Education,University of Liverpool,Active,2015-05-20,The Literary Encyclopedia (2015 to 2018) Renewing Institutions,2015-09-01,2018-08-31,Jisc Collections LiteraryDictionary Company Literary Encyclopedia Aug 2018,2015-09-01,2018-08-31,Sublicence,England,Active,Yearly Agreement
https://www.kbplus.ac.uk/kbplus/subscriptionDetails/index/13139,51486,University_of_Liverpool,Band 3,Higher Education,University of Liverpool,Active,2015-05-20,Foreign Broadcast Information Service Daily Reports: Jisc Collections Selection: 2014-2019,2015-05-20,2019-08-31,Jisc Collections Newsbank Readex FBIS 2014-2019 HE,2014-09-01,2019-08-31,Sublicence,England,Active,Yearly Agreement
https://www.kbplus.ac.uk/kbplus/subscriptionDetails/index/13140,51352,University_of_London,Band 5B,Higher Education,University of London,Active,2015-05-01,Foreign Broadcast Information Service Daily Reports: Jisc Collections Selection: 2014-2019,2015-05-01,2019-08-31,Jisc Collections Newsbank Readex FBIS 2014-2019 HE,2014-09-01,2019-08-31,Sublicence,England,Active,Yearly Agreement
https://www.kbplus.ac.uk/kbplus/subscriptionDetails/index/13141,51455,University_of_London,Band 5B,Higher Education,University of London,Active,2015-05-14,The Literary Encyclopedia (2015 to 2018) Renewing Institutions,2015-09-01,2018-08-31,Jisc Collections LiteraryDictionary Company Literary Encyclopedia Aug 2018,2015-09-01,2018-08-31,Sublicence,England,Active,Yearly Agreement
https://www.kbplus.ac.uk/kbplus/subscriptionDetails/index/13142,51425,University_of_Manchester,Band 1,Higher Education,University of Manchester,Active,2015-05-12,Project MUSE Journals Agreement 2015 to 2017,2015-05-12,2017-12-31,Jisc Collections Johns Hopkins University Press Project MUSE Dec 2017,2015-01-01,2017-12-31,Sublicence,England,Active,NESLi2 Agreement
https://www.kbplus.ac.uk/kbplus/subscriptionDetails/index/13143,51429,University_of_Manchester,Band 1,Higher Education,University of Manchester,Active,2015-05-12,Foreign Broadcast Information Service Daily Reports: Jisc Collections Selection: 2014-2019,2015-05-12,2019-08-31,Jisc Collections Newsbank Readex FBIS 2014-2019 HE,2014-09-01,2019-08-31,Sublicence,England,Active,Yearly Agreement
https://www.kbplus.ac.uk/kbplus/subscriptionDetails/index/13144,51431,University_of_Manchester,Band 1,Higher Education,University of Manchester,Active,2015-05-13,SAGE Premier Jisc Collections 2015-16 Journals Agreement,2015-05-13,2016-12-31,Jisc Collections SAGE Premier agreement 2015-16,2015-01-01,2016-12-31,Sublicence,England,Active,NESLi2 Agreement
https://www.kbplus.ac.uk/kbplus/subscriptionDetails/index/13145,51515,University_of_Manchester,Band 1,Higher Education,University of Manchester,Active,2015-05-22,Scopus 2015 to 2020 Agreement - Multi Year Commitment,2015-05-22,2020-03-31,Jisc Collections Elsevier Scopus Agreement March 2020,2015-04-01,2020-03-31,Direct,England,Request sent,Yearly Agreement
https://www.kbplus.ac.uk/kbplus/subscriptionDetails/index/13146,51516,University_of_Manchester,Band 1,Higher Education,University of Manchester,Active,2015-05-22,Statista.com,2015-05-22,2015-12-31,Statista 2015,2015-01-01,2015-12-31,Direct,England,Request sent,Yearly Agreement
https://www.kbplus.ac.uk/kbplus/subscriptionDetails/index/13147,51517,University_of_Manchester,Band 1,Higher Education,University of Manchester,Active,2015-05-22,Open Library of Humanities Library Partnership 2015-2017 ,2015-05-22,2018-04-30,Open Library of Humanities Library Partnership Membership Contract,2015-05-01,2018-04-30,Direct,England,Request sent,Yearly Agreement
https://www.kbplus.ac.uk/kbplus/subscriptionDetails/index/13148,51534,University_of_Northampton,Band 6,Higher Education,University of Northampton,Active,2015-05-28,Cambridge Books Online Evidence-based Acquisition 2014,2015-05-28,2015-07-31,Cambridge Books Online Evidence-based Acquisition,2014-08-01,2015-07-31,Direct,England,Active,NESLi2 Agreement
https://www.kbplus.ac.uk/kbplus/subscriptionDetails/index/13149,51412,University_of_Nottingham,Band 2,Higher Education,University of Nottingham,Active,2015-05-11,Scopus 2015 to 2020 Agreement - Multi Year Commitment,2015-05-11,2020-03-31,Jisc Collections Elsevier Scopus Agreement March 2020,2015-04-01,2020-03-31,Direct,England,Request sent,Yearly Agreement
https://www.kbplus.ac.uk/kbplus/subscriptionDetails/index/13150,51541,University_of_Oxford,Band 1,Higher Education,University of Oxford,Active,2015-05-28,Scopus 2015 to 2020 Agreement - Multi Year Commitment,2015-05-28,2020-03-31,Jisc Collections Elsevier Scopus Agreement March 2020,2015-04-01,2020-03-31,Direct,England,Request sent,Yearly Agreement
https://www.kbplus.ac.uk/kbplus/subscriptionDetails/index/13151,51464,University_of_Plymouth,Band 5A,Higher Education,University of Plymouth,Active,2015-05-18,The Literary Encyclopedia (2015 to 2018) Renewing Institutions,2015-09-01,2018-08-31,Jisc Collections LiteraryDictionary Company Literary Encyclopedia Aug 2018,2015-09-01,2018-08-31,Sublicence,England,Active,Yearly Agreement
https://www.kbplus.ac.uk/kbplus/subscriptionDetails/index/13152,51539,University_of_Reading,Band 5A,Higher Education,University of Reading,Active,2015-05-28,Drama Online: Perpetual Purchase ,2015-05-28,2115-02-28,Drama Online Perpetual Purchase Agreement,2013-03-01,2115-02-28,Direct,England,Request sent,One-off Agreement
https://www.kbplus.ac.uk/kbplus/subscriptionDetails/index/13153,51370,University_of_Sheffield,Band 3,Higher Education,University of Sheffield,Active,2015-05-06,Open Library of Humanities Library Partnership 2015-2017 ,2015-05-06,2018-04-30,Open Library of Humanities Library Partnership Membership Contract,2015-05-01,2018-04-30,Direct,England,Active,Yearly Agreement
https://www.kbplus.ac.uk/kbplus/subscriptionDetails/index/13154,51395,University_of_Sheffield,Band 3,Higher Education,University of Sheffield,Active,2015-05-07,Scopus 2015 to 2020 Agreement - Multi Year Commitment,2015-05-07,2020-03-31,Jisc Collections Elsevier Scopus Agreement March 2020,2015-04-01,2020-03-31,Direct,England,Request sent,Yearly Agreement
https://www.kbplus.ac.uk/kbplus/subscriptionDetails/index/13155,51439,University_of_South_Wales,Band 5B,Higher Education,University of South Wales,Active,2015-05-13,Rock's Backpages 2013-2016 three-year commitment,2015-05-13,2016-10-31,JISC Collections Backpages Ltd Rock's Backpages Three Year Commitment Oct 2016,2013-11-01,2016-10-31,Sublicence,Wales,Active,Yearly Agreement
https://www.kbplus.ac.uk/kbplus/subscriptionDetails/index/13156,51487,University_of_Southampton,Band 3,Higher Education,University of Southampton,Active,2015-05-20,Science Classic,2015-05-20,2114-06-30,Science Classic,2014-07-01,2114-06-30,Sublicence,England,Active,Free Agreement
https://www.kbplus.ac.uk/kbplus/subscriptionDetails/index/13157,51488,University_of_Southampton,Band 3,Higher Education,University of Southampton,Active,2015-05-20,Foreign Broadcast Information Service Daily Reports: Jisc Collections Selection: 2014-2019,2015-05-20,2019-08-31,Jisc Collections Newsbank Readex FBIS 2014-2019 HE,2014-09-01,2019-08-31,Sublicence,England,Active,Yearly Agreement
https://www.kbplus.ac.uk/kbplus/subscriptionDetails/index/13158,51489,University_of_Southampton,Band 3,Higher Education,University of Southampton,Active,2015-05-20,Scopus 2015 to 2020 Agreement - Multi Year Commitment,2015-05-20,2020-03-31,Jisc Collections Elsevier Scopus Agreement March 2020,2015-04-01,2020-03-31,Direct,England,Request sent,Yearly Agreement
https://www.kbplus.ac.uk/kbplus/subscriptionDetails/index/13159,51501,University_of_Southampton,Band 3,Higher Education,University of Southampton,Active,2015-05-21,CUP Orlando Agreement 2015-2018,2015-07-05,2018-01-08,Jisc Collections CUP Cambridge Companions Online Jan 2018,2015-01-09,2018-01-08,Sublicence,England,Active,Yearly Agreement
https://www.kbplus.ac.uk/kbplus/subscriptionDetails/index/13160,51462,University_of_St_Andrews,Band 5B,Higher Education,University of St Andrews,Active,2015-05-15,Open Library of Humanities Library Partnership 2015-2017 ,2015-05-15,2018-04-30,Open Library of Humanities Library Partnership Membership Contract,2015-05-01,2018-04-30,Direct,Scotland,Active,Yearly Agreement
https://www.kbplus.ac.uk/kbplus/subscriptionDetails/index/13161,51467,University_College_Plymouth_St_Mark_and_St_John,Band 9,Higher Education,University of St Mark and St John,Active,2015-05-18,Digimap Ordnance Survey Collection®  2014-2016,2015-08-01,2016-07-31,Digimap Main HE and FE Licence with End User Licence Agreement 2014,2014-08-01,2016-07-31,Sublicence,England,Active,Yearly Agreement
https://www.kbplus.ac.uk/kbplus/subscriptionDetails/index/13162,51465,University_of_Strathclyde,Band 4,Higher Education,University of Strathclyde,Active,2015-05-18,Foreign Broadcast Information Service Daily Reports: Jisc Collections Selection: 2014-2019,2015-05-18,2019-08-31,Jisc Collections Newsbank Readex FBIS 2014-2019 HE,2014-09-01,2019-08-31,Sublicence,Scotland,Active,Yearly Agreement
https://www.kbplus.ac.uk/kbplus/subscriptionDetails/index/13163,51493,University_of_Strathclyde,Band 4,Higher Education,University of Strathclyde,Active,2015-05-20,Oxford Journals Archive (2014-2017 for access via OUP's platform),2015-05-20,2017-07-31,Oxford Journals Jisc Collections Oxford Journal Archive July 2017,2014-08-01,2017-07-31,Sublicence,Scotland,Active,Yearly Agreement
https://www.kbplus.ac.uk/kbplus/subscriptionDetails/index/13164,51447,University_of_Sunderland,Band 5B,Higher Education,University of Sunderland,Active,2015-05-14,Science Classic,2015-07-01,2114-06-30,Science Classic,2014-07-01,2114-06-30,Sublicence,England,Active,Free Agreement
https://www.kbplus.ac.uk/kbplus/subscriptionDetails/index/13165,51401,University_of_Sussex,Band 5B,Higher Education,University of Sussex,Active,2015-05-08,Scopus 2015 to 2020 Agreement - Multi Year Commitment,2015-05-08,2020-03-31,Jisc Collections Elsevier Scopus Agreement March 2020,2015-04-01,2020-03-31,Direct,England,Request sent,Yearly Agreement
https://www.kbplus.ac.uk/kbplus/subscriptionDetails/index/13166,51473,University_of_the_Arts_London,Band 5A,Higher Education,University of the Arts London,Active,2015-05-19,Foreign Broadcast Information Service Daily Reports: Jisc Collections Selection: 2014-2019,2015-06-01,2019-08-31,Jisc Collections Newsbank Readex FBIS 2014-2019 HE,2014-09-01,2019-08-31,Sublicence,England,Active,Yearly Agreement
https://www.kbplus.ac.uk/kbplus/subscriptionDetails/index/13167,51544,University_of_Wales_Trinity_St_David,Band 7,Higher Education,University of Wales Trinity St David,Active,2015-05-29,Institution of Civil Engineers Virtual Library Archive (1836-2002),2015-05-29,2018-12-31,JISC Collections Institution of Civil Engineers Virtual Library Archive in perpetuity,2014-01-01,2018-12-31,Sublicence,Wales,Active,Free Agreement
https://www.kbplus.ac.uk/kbplus/subscriptionDetails/index/13168,51360,University_of_Westminster,Band 5B,Higher Education,University of Westminster,Active,2015-05-05,Science Classic,2015-05-05,2114-06-30,Science Classic,2014-07-01,2114-06-30,Sublicence,England,Active,Free Agreement
https://www.kbplus.ac.uk/kbplus/subscriptionDetails/index/13169,51446,University_of_Winchester,Band 8,Higher Education,University of Winchester,Active,2015-05-13,The Literary Encyclopedia (2015 to 2018) Renewing Institutions,2015-09-01,2018-08-31,Jisc Collections LiteraryDictionary Company Literary Encyclopedia Aug 2018,2015-09-01,2018-08-31,Sublicence,England,Active,Yearly Agreement
https://www.kbplus.ac.uk/kbplus/subscriptionDetails/index/13170,51385,University_of_York,Band 4,Higher Education,University of York,Active,2015-05-07,Scopus 2015 to 2020 Agreement - Multi Year Commitment,2015-05-07,2020-03-31,Jisc Collections Elsevier Scopus Agreement March 2020,2015-04-01,2020-03-31,Direct,England,Request sent,Yearly Agreement
https://www.kbplus.ac.uk/kbplus/subscriptionDetails/index/13171,51389,University_of_York,Band 4,Higher Education,University of York,Active,2015-05-07,Foreign Broadcast Information Service Daily Reports: Jisc Collections Selection: 2014-2019,2015-05-07,2019-08-31,Jisc Collections Newsbank Readex FBIS 2014-2019 HE,2014-09-01,2019-08-31,Sublicence,England,Active,Yearly Agreement
https://www.kbplus.ac.uk/kbplus/subscriptionDetails/index/13172,51470,Wellcome_Trust,Band 10,Higher Education,Wellcome Trust,Active,2015-05-19,Scopus 2015 to 2020 Agreement - Annual Commitment,2015-05-19,2020-03-31,Jisc Collections Elsevier Scopus Agreement March 2020,2015-04-01,2020-03-31,Direct,England,Request sent,Yearly Agreement
https://www.kbplus.ac.uk/kbplus/subscriptionDetails/index/13173,51481,York_St_John_University,Band 9,Higher Education,York St John University,Active,2015-05-20,Cambridge Books Online Evidence-based Acquisition 2015,2015-08-01,2016-07-31,Cambridge Books Online Evidence Based Acquisition 2015,2015-08-01,2016-07-31,Direct,England,Request sent,Yearly Agreement
https://www.kbplus.ac.uk/kbplus/subscriptionDetails/index/13174,51482,York_St_John_University,Band 9,Higher Education,York St John University,Active,2015-05-20,SAGE Knowledge eBooks Evidence Based Acquisition (EBA) Agreement,2015-05-20,2015-12-31,Jisc Collections SAGE Publications SAGE Knowledge EBA Dec 2015,2015-01-01,2015-12-31,Direct,England,Request sent,One-off Agreement
https://www.kbplus.ac.uk/kbplus/subscriptionDetails/index/13175,51506,York_St_John_University,Band 9,Higher Education,York St John University,Active,2015-05-21,Jisc eCollections for Higher Education Institutions 2014-2017,2015-05-21,2017-07-31,Jisc eCollections for Higher Education Institutions 2014-2017,2014-08-01,2017-07-31,Sublicence,England,Active,Yearly Agreement
