SubscriptionId,InstitutionName,NewJiscBand,Sector,JC Institution Name,AccountStatus,OrderDate,ResourceName,SubscriptionStart,SubscriptionExpiry
47372,Aberystwyth_University,Band 6,Higher Education,Aberystwyth University,Active,7/7/14 9:39,Jisc eCollections: Historical Texts and Journal Archives for HE 2014-2017,2014-08-01,2017-07-31
47374,Aberystwyth_University,Band 6,Higher Education,Aberystwyth University,Active,7/7/14 9:47,"The Burney Collection, 19th Century British Library Newspapers and 19th Century UK Periodicals Online Series 1 (2014 - 2017)",2014-08-01,2017-07-31
47444,Aberystwyth_University,Band 6,Higher Education,Aberystwyth University,Active,7/10/14 9:06,The Times Digital Archive (1785-2008) WHEEL 2014-2017,2014-08-01,2017-07-31
47730,Aberystwyth_University,Band 6,Higher Education,Aberystwyth University,Active,7/24/14 12:49,Science Classic,2014-07-24,2114-06-30
47830,Aberystwyth_University,Band 6,Higher Education,Aberystwyth University,Active,7/30/14 16:00,EBSCO Education Databases,2014-08-01,2017-07-31
47574,Anglia_Ruskin_University,Band 5,Higher Education,Anglia Ruskin University,Active,7/16/14 16:34,Environment Digimap (2014-2015),2014-08-01,2015-07-31
47575,Anglia_Ruskin_University,Band 5,Higher Education,Anglia Ruskin University,Active,7/16/14 16:34,"The Burney Collection, 19th Century British Library Newspapers and 19th Century UK Periodicals Online Series 1 (2014 - 2017)",2014-08-01,2017-07-31
47576,Anglia_Ruskin_University,Band 5,Higher Education,Anglia Ruskin University,Active,7/16/14 16:34,Digital Theatre Plus,2014-09-01,2016-04-30
47577,Anglia_Ruskin_University,Band 5,Higher Education,Anglia Ruskin University,Active,7/16/14 16:34,a-n The Artists Information Company 2014-17,2014-08-01,2017-07-31
47691,Anglia_Ruskin_University,Band 5,Higher Education,Anglia Ruskin University,Active,7/22/14 15:08,EBSCO Education Databases,2014-08-01,2017-07-31
47728,Aston_University,Band 6,Higher Education,Aston University,Active,7/24/14 12:29,Science Classic,2014-07-24,2114-06-30
47445,Bangor_University,Band 5,Higher Education,Bangor University,Active,7/10/14 9:06,The Times Digital Archive (1785-2008) WHEEL 2014-2017,2014-08-01,2017-07-31
47719,Bangor_University,Band 5,Higher Education,Bangor University,Active,7/24/14 9:42,a-n The Artists Information Company 2014-17,2014-08-01,2017-07-31
47656,Bath_Spa_University,Band 8,Higher Education,Bath Spa University,Active,7/21/14 14:46,a-n The Artists Information Company 2014-17,2014-08-01,2017-07-31
47662,Bath_Spa_University,Band 8,Higher Education,Bath Spa University,Active,7/21/14 15:37,EBSCO Education Databases,2014-08-01,2017-07-31
47804,Birkbeck_College,Band 7,Higher Education,Birkbeck College,Active,7/29/14 16:44,Science Classic,2014-07-29,2114-06-30
47545,Birmingham_City_University,Band 5,Higher Education,Birmingham City University,Active,7/16/14 11:57,a-n The Artists Information Company 2014-17,2014-08-01,2017-07-31
47695,Birmingham_City_University,Band 5,Higher Education,Birmingham City University,Active,7/22/14 15:54,EBSCO Education Databases,2014-08-01,2017-07-31
47288,Bishop_Grosseteste_University_College_Lincoln,Band 10,Higher Education,Bishop Grosseteste University,Active,7/2/14 11:38,"The Burney Collection, 19th Century British Library Newspapers and 19th Century UK Periodicals Online Series 1 (2014 - 2017)",2014-08-01,2017-07-31
47314,Bishop_Grosseteste_University_College_Lincoln,Band 10,Higher Education,Bishop Grosseteste University,Active,7/3/14 15:53,Jisc eCollections: Historical Texts and Journal Archives for HE 2014-2017,2014-08-01,2017-07-31
47640,Bishop_Grosseteste_University_College_Lincoln,Band 10,Higher Education,Bishop Grosseteste University,Active,7/21/14 9:44,a-n The Artists Information Company 2014-17,2014-08-01,2017-07-31
47425,Bournemouth_University,Band 5,Higher Education,Bournemouth University,Active,7/9/14 8:40,The Times Digital Archive (1785-2008 and rolling) 2014-2017,2014-08-01,2017-07-31
47597,Bournemouth_University,Band 5,Higher Education,Bournemouth University,Active,7/18/14 8:39,Early European Books Collections 1-4 and The Vogue Archive,2014-07-18,2014-10-31
47650,Brunel_University,Band 5,Higher Education,Brunel University,Active,7/21/14 11:40,EBSCO Education Databases,2014-08-01,2017-07-31
47554,Buckinghamshire_New_University,Band 7,Higher Education,Buckinghamshire New University,Active,7/16/14 13:10,a-n The Artists Information Company 2014-17,2014-08-01,2017-07-31
47284,Canterbury_Christ_Church_University,Band 6,Higher Education,Canterbury Christ Church University,Active,7/2/14 9:51,Portico eBooks (2014-2017),2014-07-02,2017-06-30
47285,Canterbury_Christ_Church_University,Band 6,Higher Education,Canterbury Christ Church University,Active,7/2/14 9:51,Portico eJournals (2014-2017),2014-07-02,2017-06-30
47529,Canterbury_Christ_Church_University,Band 6,Higher Education,Canterbury Christ Church University,Active,7/15/14 15:52,The Times Digital Archive (1785-2008 and rolling) 2014-2017,2014-08-01,2017-07-31
47530,Canterbury_Christ_Church_University,Band 6,Higher Education,Canterbury Christ Church University,Active,7/15/14 15:58,Jisc eCollections for Higher Education Institutions 2014-2017,2014-08-01,2017-07-31
47602,Canterbury_Christ_Church_University,Band 6,Higher Education,Canterbury Christ Church University,Active,7/18/14 9:54,EBSCO Education Databases,2014-08-01,2017-07-31
47608,Canterbury_Christ_Church_University,Band 6,Higher Education,Canterbury Christ Church University,Active,7/18/14 10:28,"The Burney Collection, 19th Century British Library Newspapers and 19th Century UK Periodicals Online Series 1 (2014 - 2017)",2014-08-01,2017-07-31
47669,Canterbury_Christ_Church_University,Band 6,Higher Education,Canterbury Christ Church University,Active,7/21/14 17:34,a-n The Artists Information Company 2014-17,2014-08-01,2017-07-31
47682,Canterbury_Christ_Church_University,Band 6,Higher Education,Canterbury Christ Church University,Active,7/22/14 13:11,Science Classic,2014-07-22,2114-06-30
47446,Cardiff_Metropolitan_University,Band 7,Higher Education,Cardiff Metropolitan University,Active,7/10/14 9:07,The Times Digital Archive (1785-2008) WHEEL 2014-2017,2014-08-01,2017-07-31
47447,Cardiff_University,Band 3,Higher Education,Cardiff University,Active,7/10/14 9:07,The Times Digital Archive (1785-2008) WHEEL 2014-2017,2014-08-01,2017-07-31
47582,Cardiff_University,Band 3,Higher Education,Cardiff University,Active,7/17/14 11:32,"The Burney Collection, 19th Century British Library Newspapers and 19th Century UK Periodicals Online Series 1 (2014 - 2017)",2014-08-01,2017-07-31
47482,"City_University,_London",Band 5,Higher Education,"City University, London",Active,7/11/14 13:36,Cambridge Books Online Evidence-based Acquisition (Monographs),2014-07-11,2014-07-31
47483,"City_University,_London",Band 5,Higher Education,"City University, London",Active,7/11/14 13:46,Springer e-Books Collections 2014 - 2015,2014-07-11,2015-12-31
47484,"City_University,_London",Band 5,Higher Education,"City University, London",Active,7/11/14 14:01,Elsevier ebooks:  Freedom Collection 2014 plus 2010-2013,2014-07-11,2014-12-31
47510,"City_University,_London",Band 5,Higher Education,"City University, London",Active,7/15/14 11:49,Social Theory Perpetual Purchase (2014 to 2016 Pricing),2014-09-30,2115-09-29
47591,Coventry_University,Band 5,Higher Education,Coventry University,Active,7/17/14 15:18,a-n The Artists Information Company 2014-17,2014-08-01,2017-07-31
47536,Cranfield_University,Band 5,Higher Education,Cranfield University,Active,7/16/14 9:38,Knovel Interactive Library 2012 - 2015,2014-08-01,2015-07-31
47306,De_Montfort_University,Band 5,Higher Education,De Montfort University,Active,7/3/14 8:49,The Times Digital Archive (1785-1985) 2014-2017,2014-08-01,2017-07-31
47312,De_Montfort_University,Band 5,Higher Education,De Montfort University,Active,7/3/14 11:48,LOCKSS (Lots Of Copies Keep Stuff Safe) UK Alliance Membership 2014-15,2014-08-01,2015-07-31
47657,De_Montfort_University,Band 5,Higher Education,De Montfort University,Active,7/21/14 14:48,a-n The Artists Information Company 2014-17,2014-08-01,2017-07-31
47659,De_Montfort_University,Band 5,Higher Education,De Montfort University,Active,7/21/14 15:07,Jisc eCollections: Historical Texts and Journal Archives for HE 2014-2017,2014-08-01,2017-07-31
47560,Durham_University,Band 4,Higher Education,Durham University,Active,7/16/14 14:14,Environment Digimap (2014-2015),2014-08-01,2015-07-31
47634,Durham_University,Band 4,Higher Education,Durham University,Active,7/18/14 16:40,EBSCO Education Databases,2014-08-01,2017-07-31
47642,Durham_University,Band 4,Higher Education,Durham University,Active,7/21/14 10:28,Carl Giles Digital Archive,2014-07-21,2100-09-01
47721,Durham_University,Band 4,Higher Education,Durham University,Active,7/24/14 9:49,Science Classic,2014-07-24,2114-06-30
47260,Edge_Hill_University,Band 6,Higher Education,Edge Hill University,Active,7/1/14 9:50,The Shakespeare Collection 2014-2017,2014-08-01,2017-07-31
47263,Edge_Hill_University,Band 6,Higher Education,Edge Hill University,Active,7/1/14 11:11,"The Burney Collection, 19th Century British Library Newspapers and 19th Century UK Periodicals Online Series 1 (2014 - 2017)",2014-08-01,2017-07-31
47689,Edge_Hill_University,Band 6,Higher Education,Edge Hill University,Active,7/22/14 14:45,EBSCO Education Databases,2014-08-01,2017-07-31
47686,Edinburgh_Napier_University,Band 6,Higher Education,Edinburgh Napier University,Active,7/22/14 14:17,a-n The Artists Information Company 2014-17,2014-08-01,2017-07-31
47653,University_College_Falmouth,Band 9,Higher Education,Falmouth University,Active,7/21/14 13:39,Cambridge Journals Digital Archive,2014-07-21,2015-06-30
47544,Glasgow_Caledonian_University,Band 5,Higher Education,Glasgow Caledonian University,Active,7/16/14 11:55,"The Burney Collection, 19th Century British Library Newspapers and 19th Century UK Periodicals Online Series 1 (2014 - 2017)",2014-08-01,2017-07-31
47819,Glasgow_Caledonian_University,Band 5,Higher Education,Glasgow Caledonian University,Active,7/30/14 14:50,Early European Books Collections 1-4 and The Vogue Archive,2014-07-30,2014-10-31
47448,Glyndwr_University,Band 8,Higher Education,Glynd��r University,Active,7/10/14 9:07,The Times Digital Archive (1785-2008) WHEEL 2014-2017,2014-08-01,2017-07-31
47520,"Goldsmiths_College,_University_of_London",Band 7,Higher Education,"Goldsmiths College, University of London",Active,7/15/14 14:59,a-n The Artists Information Company 2014-17,2014-08-01,2017-07-31
47665,"Goldsmiths_College,_University_of_London",Band 7,Higher Education,"Goldsmiths College, University of London",Active,7/21/14 15:52,EBSCO Education Databases,2014-08-01,2017-07-31
47649,Harper_Adams_University_College,Band 9,Higher Education,Harper Adams University College,Active,7/21/14 11:37,Environment Digimap (2014-2015),2014-08-01,2015-07-31
47556,Heriot-Watt_University,Band 5,Higher Education,Heriot-Watt University,Active,7/16/14 13:34,British Standards Online 2014-2017,2014-07-16,2017-05-31
47674,Institute_of_Education,Band 7,Higher Education,Institute of Education,Active,7/22/14 10:38,Springer e-Books Collections 2014 - 2015,2014-07-22,2015-12-31
47618,Keele_University,Band 6,Higher Education,Keele University,Active,7/18/14 12:37,EBSCO Education Databases,2014-08-01,2017-07-31
47311,King's_College_London,Band 2,Higher Education,King's College London,Active,7/3/14 11:37,The Times Digital Archive (1785-1985) 2014-2017,2014-08-01,2017-07-31
47557,King's_College_London,Band 2,Higher Education,King's College London,Active,7/16/14 13:57,Churchill Archive: Perpetual Purchase Option 2013 - 2016 ,2014-07-16,2016-07-31
47586,King's_College_London,Band 2,Higher Education,King's College London,Active,7/17/14 13:56,Springer e-Books Collections 2014 - 2015,2014-07-17,2015-12-31
47783,King's_College_London,Band 2,Higher Education,King's College London,Active,7/29/14 9:18,EBSCO Education Databases,2014-08-01,2017-07-31
47521,Kingston_University,Band 5,Higher Education,Kingston University,Active,7/15/14 15:00,a-n The Artists Information Company 2014-17,2014-08-01,2017-07-31
47614,Kingston_University,Band 5,Higher Education,Kingston University,Active,7/18/14 11:28,EBSCO Education Databases,2014-08-01,2017-07-31
47424,Lancaster_University,Band 5,Higher Education,Lancaster University,Active,7/8/14 17:02,The Times Digital Archive (1785-2008 and rolling) 2014-2017,2014-08-01,2017-07-31
47648,Lancaster_University,Band 5,Higher Education,Lancaster University,Active,7/21/14 11:31,EBSCO Education Databases,2014-08-01,2017-07-31
47818,Leeds_Metropolitan_University,Band 5,Higher Education,Leeds Metropolitan University,Active,7/30/14 14:50,a-n The Artists Information Company 2014-17,2014-08-01,2017-07-31
47774,Liverpool_Hope_University,Band 8,Higher Education,Liverpool Hope University,Active,7/28/14 14:27,The Times Digital Archive (1785-1985) 2014-2017,2014-08-01,2017-07-31
47760,Liverpool_John_Moores_University,Band 5,Higher Education,Liverpool John Moores University,Active,7/28/14 8:36,Early European Books Collections 1-4 and The Vogue Archive,2014-07-28,2014-10-31
47767,London_Business_School,Band 6,Higher Education,London Business School,Active,7/28/14 10:10,Science Classic,2014-07-28,2114-06-30
47769,London_Metropolitan_University,Band 5,Higher Education,London Metropolitan University,Active,7/28/14 11:06,Early European Books Collections 1-4 and The Vogue Archive,2014-07-28,2014-10-31
47809,London_Metropolitan_University,Band 5,Higher Education,London Metropolitan University,Active,7/30/14 12:14,EBSCO Education Databases,2014-08-01,2017-07-31
47811,London_Metropolitan_University,Band 5,Higher Education,London Metropolitan University,Active,7/30/14 13:08,Science Classic,2014-07-30,2114-06-30
47512,London_School_of_Economics_&_Political_Science,Band 5,Higher Education,London School of Economics & Political Science,Active,7/15/14 12:08,"The Burney Collection, 19th Century British Library Newspapers and 19th Century UK Periodicals Online Series 1 (2014 - 2017)",2014-08-01,2017-07-31
47716,London_School_of_Economics_&_Political_Science,Band 5,Higher Education,London School of Economics & Political Science,Active,7/23/14 16:55,EBSCO Education Databases,2014-08-01,2017-07-31
47698,London_School_of_Hygiene_&_Tropical_Medicine,Band 6,Higher Education,London School of Hygiene & Tropical Medicine,Active,7/22/14 16:57,Embase (via the Ovid platform): 2013 - 2016 Agreement ,2014-08-01,2016-07-31
47590,London_South_Bank_University,Band 5,Higher Education,London South Bank University,Active,7/17/14 15:02,IET eBook Ultimate Collection 2014 agreement,2014-07-17,2014-12-31
47396,Loughborough_University,Band 5,Higher Education,Loughborough University,Active,7/7/14 14:29,IET eBook Ultimate Collection 2014 agreement,2014-07-07,2014-12-31
47744,Loughborough_University,Band 5,Higher Education,Loughborough University,Active,7/25/14 11:03,Elsevier Gold OA 2014 Prepayment Scheme,2014-07-31,2015-07-30
47259,Manchester_Metropolitan_University,Band 4,Higher Education,Manchester Metropolitan University,Active,7/1/14 9:49,ProQuest UK and Ireland Historical Newspaper Collection (formerly ProQuest Historical Newspapers),2014-08-01,2016-07-31
47395,Manchester_Metropolitan_University,Band 4,Higher Education,Manchester Metropolitan University,Active,7/7/14 14:25,RSC NESLi2 2013-15 (Royal Society of Chemistry): RSC Gold offer,2014-07-07,2015-12-31
47531,Manchester_Metropolitan_University,Band 4,Higher Education,Manchester Metropolitan University,Active,7/15/14 15:59,a-n The Artists Information Company 2014-17,2014-08-01,2017-07-31
47684,Manchester_Metropolitan_University,Band 4,Higher Education,Manchester Metropolitan University,Active,7/22/14 14:02,EBSCO Education Databases,2014-08-01,2017-07-31
47584,Middlesex_University,Band 5,Higher Education,Middlesex University,Active,7/17/14 12:06,a-n The Artists Information Company 2014-17,2014-08-01,2017-07-31
47308,Newcastle_University,Band 3,Higher Education,Newcastle University,Active,7/3/14 10:43,Jisc eCollections: MediaHub and Journal Archives for HE 2014-2017,2014-08-01,2017-07-31
47461,Newcastle_University,Band 3,Higher Education,Newcastle University,Active,7/10/14 12:30,"The Burney Collection, 19th Century British Library Newspapers and 19th Century UK Periodicals Online Series 1 (2014 - 2017)",2014-08-01,2017-07-31
47473,Newcastle_University,Band 3,Higher Education,Newcastle University,Active,7/11/14 9:26,ACS Symposium Series Outright Purchase,2014-07-11,2014-07-31
47540,Newcastle_University,Band 3,Higher Education,Newcastle University,Active,7/16/14 10:18,a-n The Artists Information Company 2014-17,2014-08-01,2017-07-31
47676,Newcastle_University,Band 3,Higher Education,Newcastle University,Active,7/22/14 11:24,EBSCO Education Databases,2014-08-01,2017-07-31
47481,Northumbria_University,Band 5,Higher Education,Northumbria University,Active,7/11/14 13:20,IOP Journal Archive 1999-2006 outright purchase,2014-07-11,2100-06-30
47491,Northumbria_University,Band 5,Higher Education,Northumbria University,Active,7/14/14 11:30,Jisc eCollections for Higher Education Institutions 2014-2017,2014-08-01,2017-07-31
47532,Northumbria_University,Band 5,Higher Education,Northumbria University,Active,7/15/14 16:12,Info4education - Portal (All Products) 3 Year Commitment (2014-2017),2014-07-15,2017-05-31
47610,Northumbria_University,Band 5,Higher Education,Northumbria University,Active,7/18/14 10:42,British Standards Online 2014-2017,2014-07-18,2017-05-31
47661,Norwich_University_College_of_the_Arts,Band 10,Higher Education,Norwich University of the Arts,Active,7/21/14 15:34,Early European Books Collections 1-4 and The Vogue Archive,2014-07-21,2014-10-31
47418,Nottingham_Trent_University,Band 5,Higher Education,Nottingham Trent University,Active,7/8/14 13:17,"The Burney Collection, 19th Century British Library Newspapers and 19th Century UK Periodicals Online Series 1 (2014 - 2017)",2014-08-01,2017-07-31
47419,Nottingham_Trent_University,Band 5,Higher Education,Nottingham Trent University,Active,7/8/14 13:17,The Times Digital Archive (1785-2008 and rolling) 2014-2017,2014-08-01,2017-07-31
47464,Nottingham_Trent_University,Band 5,Higher Education,Nottingham Trent University,Active,7/10/14 14:06,CUP Journals NESLi2 2014 (Cambridge University Press) offer,2014-07-10,2014-12-31
47475,Nottingham_Trent_University,Band 5,Higher Education,Nottingham Trent University,Active,7/11/14 10:22,SAGE NESLi2 2013-14 Offer,2014-07-11,2014-12-31
47638,Nottingham_Trent_University,Band 5,Higher Education,Nottingham Trent University,Active,7/21/14 9:01,EBSCO Education Databases,2014-08-01,2017-07-31
47639,Nottingham_Trent_University,Band 5,Higher Education,Nottingham Trent University,Active,7/21/14 9:01,a-n The Artists Information Company 2014-17,2014-08-01,2017-07-31
47699,Nottingham_Trent_University,Band 5,Higher Education,Nottingham Trent University,Active,7/22/14 18:07,Science Classic,2014-07-22,2114-06-30
47388,Oxford_Brookes_University,Band 5,Higher Education,Oxford Brookes University,Active,7/7/14 12:33,British Standards Online 2014-2017,2014-07-07,2017-05-31
47389,Oxford_Brookes_University,Band 5,Higher Education,Oxford Brookes University,Active,7/7/14 12:40,Info4education - Construction Information Service (Without British Standards) (3 Year Commitment) 2014-2017,2014-07-07,2017-05-31
47390,Oxford_Brookes_University,Band 5,Higher Education,Oxford Brookes University,Active,7/7/14 13:04,The Times Digital Archive (1785-2008 and rolling) 2014-2017,2014-08-01,2017-07-31
47415,Oxford_Brookes_University,Band 5,Higher Education,Oxford Brookes University,Active,7/8/14 12:20,"The Burney Collection, 19th Century British Library Newspapers and 19th Century UK Periodicals Online Series 1 (2014 - 2017)",2014-08-01,2017-07-31
47502,Oxford_Brookes_University,Band 5,Higher Education,Oxford Brookes University,Active,7/15/14 9:44,Institution of Civil Engineers Virtual Library Archive (1836-2001),2014-07-15,2018-12-31
47535,Oxford_Brookes_University,Band 5,Higher Education,Oxford Brookes University,Active,7/16/14 9:04,Environment Digimap (2014-2015),2014-08-01,2015-07-31
47766,Oxford_Brookes_University,Band 5,Higher Education,Oxford Brookes University,Active,7/28/14 9:54,EBSCO Education Databases,2014-08-01,2017-07-31
47785,Oxford_Brookes_University,Band 5,Higher Education,Oxford Brookes University,Active,7/29/14 12:12,Science Classic,2014-07-29,2114-06-30
47432,"Queen_Mary,_University_of_London",Band 3,Higher Education,"Queen Mary, University of London",Active,7/9/14 12:24,Jisc eCollections for Higher Education Institutions 2014-2017,2014-08-01,2017-07-31
47667,"Queen_Mary,_University_of_London",Band 3,Higher Education,"Queen Mary, University of London",Active,7/21/14 16:40,"The Burney Collection, 19th Century British Library Newspapers and 19th Century UK Periodicals Online Series 1 (2014 - 2017)",2014-08-01,2017-07-31
47681,"Queen_Mary,_University_of_London",Band 3,Higher Education,"Queen Mary, University of London",Active,7/22/14 12:44,Early European Books Collections 1-4 and The Vogue Archive,2014-07-22,2014-10-31
47711,"Queen_Mary,_University_of_London",Band 3,Higher Education,"Queen Mary, University of London",Active,7/23/14 12:19,Science Classic,2014-07-23,2114-06-30
47579,Queen's_University_Belfast,Band 4,Higher Education,Queen's University Belfast,Active,7/17/14 8:47,"The Burney Collection, 19th Century British Library Newspapers and 19th Century UK Periodicals Online Series 1 (2014 - 2017)",2014-08-01,2017-07-31
47604,Queen's_University_Belfast,Band 4,Higher Education,Queen's University Belfast,Active,7/18/14 10:02,EBSCO Education Databases,2014-08-01,2017-07-31
47630,Queen's_University_Belfast,Band 4,Higher Education,Queen's University Belfast,Active,7/18/14 15:33,Early European Books Collections 1-4 and The Vogue Archive,2014-07-18,2014-10-31
47702,Queen's_University_Belfast,Band 4,Higher Education,Queen's University Belfast,Active,7/23/14 8:52,Science Classic,2014-07-23,2114-06-30
47705,Robert_Gordon_University,Band 7,Higher Education,Robert Gordon University,Active,7/23/14 10:13,a-n The Artists Information Company 2014-17,2014-08-01,2017-07-31
47334,Roehampton_University,Band 7,Higher Education,Roehampton University,Active,7/4/14 10:45,The Times Digital Archive (1785-1985) 2014-2017,2014-08-01,2017-07-31
47337,Roehampton_University,Band 7,Higher Education,Roehampton University,Active,7/4/14 10:50,Jisc eCollections for Higher Education Institutions 2014-2017,2014-08-01,2017-07-31
47398,Roehampton_University,Band 7,Higher Education,Roehampton University,Active,7/7/14 14:31,"The Burney Collection, 19th Century British Library Newspapers and 19th Century UK Periodicals Online Series 1 (2014 - 2017)",2014-08-01,2017-07-31
47628,Roehampton_University,Band 7,Higher Education,Roehampton University,Active,7/18/14 14:58,EBSCO Education Databases,2014-08-01,2017-07-31
47559,Rose_Bruford_College,Band 10,Higher Education,Rose Bruford College,Active,7/16/14 14:09,Jisc eCollections for Higher Education Institutions 2014-2017,2014-08-01,2017-07-31
47543,Royal_Agricultural_College,Band 10,Higher Education,Royal Agricultural University,Active,7/16/14 11:55,Jisc eCollections: MediaHub and Journal Archives for HE 2014-2017,2014-08-01,2017-07-31
47828,Royal_College_of_Art,Band 9,Higher Education,Royal College of Art,Active,7/30/14 15:57,a-n The Artists Information Company 2014-17,2014-08-01,2017-07-31
47276,"Royal_Holloway,_University_of_London",Band 6,Higher Education,"Royal Holloway, University of London",Active,7/1/14 18:04,Jisc eCollections for Higher Education Institutions 2014-2017,2014-08-01,2017-07-31
47410,"Royal_Holloway,_University_of_London",Band 6,Higher Education,"Royal Holloway, University of London",Active,7/8/14 11:00,Springer e-Books Collections 2014 - 2015,2014-07-08,2015-12-31
47413,"Royal_Holloway,_University_of_London",Band 6,Higher Education,"Royal Holloway, University of London",Active,7/8/14 12:10,JSTOR - Arts & Sciences XII Collection 2012-15 renewal,2014-07-08,2015-07-31
47414,"Royal_Holloway,_University_of_London",Band 6,Higher Education,"Royal Holloway, University of London",Active,7/8/14 12:10,JSTOR - Arts & Sciences XIII Collection 2012-15 renewal,2014-07-08,2015-07-31
47505,"Royal_Holloway,_University_of_London",Band 6,Higher Education,"Royal Holloway, University of London",Active,7/15/14 10:43,Springer e-Books Collections 2014 - 2015,2014-07-15,2015-12-31
47594,"Royal_Holloway,_University_of_London",Band 6,Higher Education,"Royal Holloway, University of London",Active,7/17/14 15:46,Cambridge Books Online Evidence-based Acquisition (Monographs),2014-07-17,2014-07-31
47802,"Royal_Holloway,_University_of_London",Band 6,Higher Education,"Royal Holloway, University of London",Active,7/29/14 16:10,Credo Reference Academic Core Premium Collection with Customised Topic Pages (2014-2017) - Annual Commitment,2014-07-29,2017-05-31
47803,"Royal_Holloway,_University_of_London",Band 6,Higher Education,"Royal Holloway, University of London",Active,7/29/14 16:10,Britannica Online Academic Edition and Image Quest Combined Agreement - 2013 to 2015,2014-08-01,2015-07-31
47826,"Royal_Holloway,_University_of_London",Band 6,Higher Education,"Royal Holloway, University of London",Active,7/30/14 15:35,"The Burney Collection, 19th Century British Library Newspapers and 19th Century UK Periodicals Online Series 1 (2014 - 2017)",2014-08-01,2017-07-31
47354,Royal_Northern_College_of_Music,Band 10,Higher Education,Royal Northern College of Music,Active,7/4/14 14:29,"The Burney Collection, 19th Century British Library Newspapers and 19th Century UK Periodicals Online Series 1 (2014 - 2017)",2014-08-01,2017-07-31
47355,Royal_Northern_College_of_Music,Band 10,Higher Education,Royal Northern College of Music,Active,7/4/14 14:29,Jisc eCollections for Higher Education Institutions 2014-2017,2014-08-01,2017-07-31
47707,"Royal_Veterinary_College,_University_of_London",Band 7,Higher Education,"Royal Veterinary College, University of London",Active,7/23/14 10:48,Science Classic,2014-07-23,2114-06-30
47449,Royal_Welsh_College_of_Music_&_Drama,Band 10,Higher Education,Royal Welsh College of Music & Drama,Active,7/10/14 9:07,The Times Digital Archive (1785-2008) WHEEL 2014-2017,2014-08-01,2017-07-31
47500,Sheffield_Hallam_University,Band 4,Higher Education,Sheffield Hallam University,Active,7/14/14 15:57,"The Burney Collection, 19th Century British Library Newspapers and 19th Century UK Periodicals Online Series 1 (2014 - 2017)",2014-08-01,2017-07-31
47619,Sheffield_Hallam_University,Band 4,Higher Education,Sheffield Hallam University,Active,7/18/14 13:36,Jisc eCollections for Higher Education Institutions 2014-2017,2014-08-01,2017-07-31
47620,Sheffield_Hallam_University,Band 4,Higher Education,Sheffield Hallam University,Active,7/18/14 13:40,EBSCO Education Databases,2014-08-01,2017-07-31
47621,Sheffield_Hallam_University,Band 4,Higher Education,Sheffield Hallam University,Active,7/18/14 13:41,Environment Digimap (2014-2015),2014-08-01,2015-07-31
47748,Sheffield_Hallam_University,Band 4,Higher Education,Sheffield Hallam University,Active,7/25/14 11:25,Early European Books Collections 1-4 and The Vogue Archive,2014-07-25,2014-10-31
47812,Sheffield_Hallam_University,Band 4,Higher Education,Sheffield Hallam University,Active,7/30/14 13:40,a-n The Artists Information Company 2014-17,2014-08-01,2017-07-31
47397,Southampton_Solent_University,Band 6,Higher Education,Southampton Solent University,Active,7/7/14 14:30,Early European Books Collections 1-4 and The Vogue Archive,2014-08-01,2014-10-31
47541,Southampton_Solent_University,Band 6,Higher Education,Southampton Solent University,Active,7/16/14 10:22,a-n The Artists Information Company 2014-17,2014-08-01,2017-07-31
47778,"St_Mary%27s_University_College%2C_Twickenham",Band 9,Higher Education,"St Mary's University, Twickenham",Active,7/28/14 16:05,Science Classic,2014-07-28,2114-06-30
47789,"St_Mary%27s_University_College%2C_Twickenham",Band 9,Higher Education,"St Mary's University, Twickenham",Active,7/29/14 13:12,Jisc eCollections for Higher Education Institutions 2014-2017,2014-08-01,2017-07-31
47474,Staffordshire_University,Band 5,Higher Education,Staffordshire University,Active,7/11/14 9:53,British Standards Online 2014-2017,2014-07-11,2017-05-31
47593,Staffordshire_University,Band 5,Higher Education,Staffordshire University,Active,7/17/14 15:45,a-n The Artists Information Company 2014-17,2014-08-01,2017-07-31
47300,Swansea_University,Band 5,Higher Education,Swansea University,Active,7/2/14 13:37,Drama Online: Subscription Option,2014-07-02,2016-02-29
47450,Swansea_University,Band 5,Higher Education,Swansea University,Active,7/10/14 9:08,The Times Digital Archive (1785-2008) WHEEL 2014-2017,2014-08-01,2017-07-31
47645,Swansea_University,Band 5,Higher Education,Swansea University,Active,7/21/14 11:02,Environment Digimap (2014-2015),2014-08-01,2015-07-31
47647,Swansea_University,Band 5,Higher Education,Swansea University,Active,7/21/14 11:14,Early European Books Collections 1-4 and The Vogue Archive,2014-07-21,2014-10-31
47428,Teesside_University,Band 5,Higher Education,Teesside University,Active,7/9/14 10:22,British Standards Online 2014-2017,2014-07-09,2017-05-31
47776,Teesside_University,Band 5,Higher Education,Teesside University,Active,7/28/14 15:06,EBSCO Education Databases,2014-08-01,2017-07-31
47745,The_Arts_University_College_at_Bournemouth,Band 9,Higher Education,The Arts University at Bournemouth,Active,7/25/14 11:15,The Times Digital Archive (1785-1985) 2014-2017,2014-08-01,2017-07-31
47746,The_Arts_University_College_at_Bournemouth,Band 9,Higher Education,The Arts University at Bournemouth,Active,7/25/14 11:18,a-n The Artists Information Company 2014-17,2014-08-01,2017-07-31
47747,The_Arts_University_College_at_Bournemouth,Band 9,Higher Education,The Arts University at Bournemouth,Active,7/25/14 11:21,EBSCO Education Databases,2014-08-01,2017-07-31
47749,The_Arts_University_College_at_Bournemouth,Band 9,Higher Education,The Arts University at Bournemouth,Active,7/25/14 11:26,Jisc eCollections for Higher Education Institutions 2014-2017,2014-08-01,2017-07-31
47750,The_Arts_University_College_at_Bournemouth,Band 9,Higher Education,The Arts University at Bournemouth,Active,7/25/14 11:35,Drama Online: Subscription Option,2014-09-01,2016-02-29
47427,The_Open_University,Band 2,Higher Education,The Open University,Active,7/9/14 10:14,Jisc eCollections for Higher Education Institutions 2014-2017,2014-08-01,2017-07-31
47496,The_Open_University,Band 2,Higher Education,The Open University,Active,7/14/14 13:58,British Standards Online 2014-2017,2014-07-14,2017-05-31
47635,The_Open_University,Band 2,Higher Education,The Open University,Active,7/21/14 8:41,EBSCO Education Databases,2014-08-01,2017-07-31
47759,The_Open_University,Band 2,Higher Education,The Open University,Active,7/25/14 15:47,"The Burney Collection, 19th Century British Library Newspapers and 19th Century UK Periodicals Online Series 1 (2014 - 2017)",2014-08-01,2017-07-31
47485,University_Campus_Suffolk,Band 9,Higher Education,University Campus Suffolk,Active,7/11/14 14:57,"The Burney Collection, 19th Century British Library Newspapers and 19th Century UK Periodicals Online Series 1 (2014 - 2017)",2014-08-01,2017-07-31
47739,University_Campus_Suffolk,Band 9,Higher Education,University Campus Suffolk,Active,7/24/14 16:09,a-n The Artists Information Company 2014-17,2014-08-01,2017-07-31
47740,University_Campus_Suffolk,Band 9,Higher Education,University Campus Suffolk,Active,7/24/14 16:09,The Times Digital Archive (1785-1985) 2014-2017,2014-08-01,2017-07-31
47763,University_Campus_Suffolk,Band 9,Higher Education,University Campus Suffolk,Active,7/28/14 9:23,Jisc eCollections for Higher Education Institutions 2014-2017,2014-08-01,2017-07-31
47365,University_College_London,Band 1,Higher Education,University College London,Active,7/4/14 16:52,Early European Books Collections 1-4 and The Vogue Archive,2014-07-04,2014-10-31
47366,University_College_London,Band 1,Higher Education,University College London,Active,7/4/14 16:52,"The Burney Collection, 19th Century British Library Newspapers and 19th Century UK Periodicals Online Series 1 (2014 - 2017)",2014-08-01,2017-07-31
47367,University_College_London,Band 1,Higher Education,University College London,Active,7/4/14 17:08,Environment Digimap (2014-2015),2014-08-01,2015-07-31
47368,University_College_London,Band 1,Higher Education,University College London,Active,7/4/14 17:15,The Shakespeare Collection 2014-2017,2014-08-01,2017-07-31
47369,University_College_London,Band 1,Higher Education,University College London,Active,7/4/14 17:23,The Times Digital Archive (1785-2008 and rolling) 2014-2017,2014-08-01,2017-07-31
47458,University_College_London,Band 1,Higher Education,University College London,Active,7/10/14 11:21,British Standards Online 2014-2017,2014-07-10,2017-05-31
47471,University_College_London,Band 1,Higher Education,University College London,Active,7/10/14 18:58,JSTOR - Arts & Sciences XIII Collection 2012-15 renewal,2014-08-01,2015-07-31
47758,University_College_London,Band 1,Higher Education,University College London,Active,7/25/14 14:08,UPCC Book Collections on Project MUSE��  2014,2014-07-25,2014-12-31
47534,University_for_the_Creative_Arts,Band 7,Higher Education,University for the Creative Arts,Active,7/15/14 17:02,a-n The Artists Information Company 2014-17,2014-08-01,2017-07-31
47615,University_of_Aberdeen,Band 5,Higher Education,University of Aberdeen,Active,7/18/14 12:22,EBSCO Education Databases,2014-08-01,2017-07-31
47706,University_of_Aberdeen,Band 5,Higher Education,University of Aberdeen,Active,7/23/14 10:27,Science Classic,2014-07-23,2114-06-30
47549,University_of_Bath,Band 5,Higher Education,University of Bath,Active,7/16/14 12:16,Jisc eCollections: Historical Texts and Journal Archives for HE 2014-2017,2014-08-01,2017-07-31
47603,University_of_Bath,Band 5,Higher Education,University of Bath,Active,7/18/14 9:55,EBSCO Education Databases,2014-08-01,2017-07-31
47585,University_of_Bedfordshire,Band 5,Higher Education,University of Bedfordshire,Active,7/17/14 13:17,a-n The Artists Information Company 2014-17,2014-08-01,2017-07-31
47600,University_of_Bedfordshire,Band 5,Higher Education,University of Bedfordshire,Active,7/18/14 9:38,EBSCO Education Databases,2014-08-01,2017-07-31
47373,University_of_Birmingham,Band 2,Higher Education,University of Birmingham,Active,7/7/14 9:46,The Times Digital Archive (1785-1985) 2014-2017,2014-08-01,2017-07-31
47494,University_of_Birmingham,Band 2,Higher Education,University of Birmingham,Active,7/14/14 12:39,"The Burney Collection, 19th Century British Library Newspapers and 19th Century UK Periodicals Online Series 1 (2014 - 2017)",2014-08-01,2017-07-31
47616,University_of_Birmingham,Band 2,Higher Education,University of Birmingham,Active,7/18/14 12:24,EBSCO Education Databases,2014-08-01,2017-07-31
47651,University_of_Birmingham,Band 2,Higher Education,University of Birmingham,Active,7/21/14 12:43,Jisc eCollections: MediaHub and Journal Archives for HE 2014-2017,2014-08-01,2017-07-31
47700,University_of_Birmingham,Band 2,Higher Education,University of Birmingham,Active,7/22/14 19:19,Elsevier Gold OA 2014 Prepayment Scheme,2014-07-31,2015-07-30
47762,University_of_Bolton,Band 8,Higher Education,University of Bolton,Active,7/28/14 9:17,a-n The Artists Information Company 2014-17,2014-08-01,2017-07-31
47332,University_of_Bradford,Band 5,Higher Education,University of Bradford,Active,7/4/14 10:37,IOP Journal Archive 1999-2006 outright purchase,2014-07-04,2100-06-30
47511,University_of_Bradford,Band 5,Higher Education,University of Bradford,Active,7/15/14 12:01,Jisc eCollections for Higher Education Institutions 2014-2017,2014-08-01,2017-07-31
47514,University_of_Bradford,Band 5,Higher Education,University of Bradford,Active,7/15/14 13:17,"The Burney Collection, 19th Century British Library Newspapers and 19th Century UK Periodicals Online Series 1 (2014 - 2017)",2014-08-01,2017-07-31
47516,University_of_Bradford,Band 5,Higher Education,University of Bradford,Active,7/15/14 13:49,The Times Digital Archive (1785-2008 and rolling) 2014-2017,2014-08-01,2017-07-31
47526,University_of_Bradford,Band 5,Higher Education,University of Bradford,Active,7/15/14 15:26,Environment Digimap (2014-2015),2014-08-01,2015-07-31
47360,University_of_Brighton,Band 5,Higher Education,University of Brighton,Active,7/4/14 15:14,Early European Books Collections 1-4 and The Vogue Archive,2014-07-04,2014-10-31
47528,University_of_Brighton,Band 5,Higher Education,University of Brighton,Active,7/15/14 15:36,a-n The Artists Information Company 2014-17,2014-08-01,2017-07-31
47623,University_of_Brighton,Band 5,Higher Education,University of Brighton,Active,7/18/14 13:56,EBSCO Education Databases,2014-08-01,2017-07-31
47831,University_of_Brighton,Band 5,Higher Education,University of Brighton,Active,7/30/14 16:09,"The Burney Collection, 19th Century British Library Newspapers and 19th Century UK Periodicals Online Series 1 (2014 - 2017)",2014-08-01,2017-07-31
47513,University_of_Cambridge,Band 1,Higher Education,University of Cambridge,Active,7/15/14 12:35,Embase (via the Ovid platform): 2013 - 2016 Agreement ,2014-08-01,2016-07-31
47611,University_of_Cambridge,Band 1,Higher Education,University of Cambridge,Active,7/18/14 11:02,EBSCO Education Databases,2014-08-01,2017-07-31
47663,University_of_Cambridge,Band 1,Higher Education,University of Cambridge,Active,7/21/14 15:38,British History Online Premium Content 2013 - 2018,2014-07-21,2018-10-31
47715,University_of_Cambridge,Band 1,Higher Education,University of Cambridge,Active,7/23/14 16:11,Science Classic,2014-07-23,2114-06-30
47727,University_of_Cambridge,Band 1,Higher Education,University of Cambridge,Active,7/24/14 12:22,"The Burney Collection, 19th Century British Library Newspapers and 19th Century UK Periodicals Online Series 1 (2014 - 2017)",2014-08-01,2017-07-31
47479,University_of_Cambridge,Band 1,Higher Education,University of Cambridge Central Science Library,Active,7/11/14 12:24,IOP Publishing NESLi2 2014 agreement - Option 2,2014-07-11,2014-12-31
47266,University_of_Central_Lancashire,Band 5,Higher Education,University of Central Lancashire,Active,7/1/14 11:54,The Times Digital Archive (1785-2008 and rolling) 2014-2017,2014-08-01,2017-07-31
47310,University_of_Central_Lancashire,Band 5,Higher Education,University of Central Lancashire,Active,7/3/14 11:12,Jisc eCollections for Higher Education Institutions 2014-2017,2014-08-01,2017-07-31
47562,University_of_Central_Lancashire,Band 5,Higher Education,University of Central Lancashire,Active,7/16/14 14:35,a-n The Artists Information Company 2014-17,2014-08-01,2017-07-31
47703,University_of_Central_Lancashire,Band 5,Higher Education,University of Central Lancashire,Active,7/23/14 9:41,EBSCO Education Databases,2014-08-01,2017-07-31
47717,University_of_Central_Lancashire,Band 5,Higher Education,University of Central Lancashire,Active,7/24/14 8:59,Science Classic,2014-07-24,2114-06-30
47718,University_of_Central_Lancashire,Band 5,Higher Education,University of Central Lancashire,Active,7/24/14 9:38,Early European Books Collections 1-4 and The Vogue Archive,2014-07-24,2014-10-31
47722,University_of_Central_Lancashire,Band 5,Higher Education,University of Central Lancashire,Active,7/24/14 11:29,"The Burney Collection, 19th Century British Library Newspapers and 19th Century UK Periodicals Online Series 1 (2014 - 2017)",2014-08-01,2017-07-31
47438,University_of_Chester,Band 7,Higher Education,University of Chester,Active,7/9/14 14:51,Environment Digimap (2014-2015),2014-08-01,2015-07-31
47439,University_of_Chester,Band 7,Higher Education,University of Chester,Active,7/9/14 14:51,"The Burney Collection, 19th Century British Library Newspapers and 19th Century UK Periodicals Online Series 1 (2014 - 2017)",2014-08-01,2017-07-31
47440,University_of_Chester,Band 7,Higher Education,University of Chester,Active,7/9/14 14:51,Jisc eCollections for Higher Education Institutions 2014-2017,2014-08-01,2017-07-31
47456,University_of_Chester,Band 7,Higher Education,University of Chester,Active,7/10/14 10:38,The Times Digital Archive (1785-1985) 2014-2017,2014-08-01,2017-07-31
47631,University_of_Chester,Band 7,Higher Education,University of Chester,Active,7/18/14 15:47,"Taylor & Francis Geography, Planning, Urban and Environment Online Archive",2014-07-18,2016-06-30
47816,University_of_Chester,Band 7,Higher Education,University of Chester,Active,7/30/14 14:20,EBSCO Education Databases,2014-08-01,2017-07-31
47817,University_of_Chester,Band 7,Higher Education,University of Chester,Active,7/30/14 14:20,a-n The Artists Information Company 2014-17,2014-08-01,2017-07-31
47430,University_of_Chichester,Band 9,Higher Education,University of Chichester,Active,7/9/14 11:00,Jisc eCollections for Higher Education Institutions 2014-2017,2014-08-01,2017-07-31
47403,University_of_Derby,Band 6,Higher Education,University of Derby,Active,7/7/14 15:35,JSTOR - Arts & Sciences II Collection-2012-15 renewal,2014-07-07,2015-07-31
47309,University_of_Dundee,Band 4,Higher Education,University of Dundee,Active,7/3/14 11:04,Jisc eCollections for Higher Education Institutions 2014-2017,2014-08-01,2017-07-31
47797,University_of_Dundee,Band 4,Higher Education,University of Dundee,Active,7/29/14 14:06,EBSCO Education Databases,2014-08-01,2017-07-31
47799,University_of_Dundee,Band 4,Higher Education,University of Dundee,Active,7/29/14 14:35,Environment Digimap (2014-2015),2014-08-01,2015-07-31
47823,University_of_East_Anglia,Band 5,Higher Education,University of East Anglia,Active,7/30/14 15:26,Embase (via the Ovid platform): 2013 - 2016 Agreement ,2014-08-01,2016-07-31
47824,University_of_East_Anglia,Band 5,Higher Education,University of East Anglia,Active,7/30/14 15:28,EBSCO Education Databases,2014-08-01,2017-07-31
47825,University_of_East_Anglia,Band 5,Higher Education,University of East Anglia,Active,7/30/14 15:33,The Shakespeare Collection 2014-2017,2014-08-01,2017-07-31
47827,University_of_East_Anglia,Band 5,Higher Education,University of East Anglia,Active,7/30/14 15:39,a-n The Artists Information Company 2014-17,2014-08-01,2017-07-31
47613,University_of_East_London,Band 5,Higher Education,University of East London,Active,7/18/14 11:15,a-n The Artists Information Company 2014-17,2014-08-01,2017-07-31
47751,University_of_East_London,Band 5,Higher Education,University of East London,Active,7/25/14 11:35,JSTOR - Arts & Sciences I Collection 2012-15 renewal,2014-07-25,2015-07-31
47752,University_of_East_London,Band 5,Higher Education,University of East London,Active,7/25/14 11:35,JSTOR - Arts & Sciences II Collection-2012-15 renewal,2014-07-25,2015-07-31
47753,University_of_East_London,Band 5,Higher Education,University of East London,Active,7/25/14 11:35,JSTOR - Arts & Sciences III Collection-2012-15 renewal,2014-07-25,2015-07-31
47754,University_of_East_London,Band 5,Higher Education,University of East London,Active,7/25/14 11:35,JSTOR - Arts & Sciences IV Collection-2012-15 renewal,2014-07-25,2015-07-31
47755,University_of_East_London,Band 5,Higher Education,University of East London,Active,7/25/14 11:35,JSTOR - Arts & Sciences VI Collection-2012-15 renewal,2014-07-25,2015-07-31
47756,University_of_East_London,Band 5,Higher Education,University of East London,Active,7/25/14 11:35,JSTOR - Arts & Sciences VII Collection-2012-15 renewal ,2014-07-25,2015-07-31
47269,University_of_Edinburgh,Band 2,Higher Education,University of Edinburgh,Active,7/1/14 13:02,"McGraw-Hill Access Platforms for Science, Engineering, Medicine & Business",2014-07-01,2015-05-31
47408,University_of_Edinburgh,Band 2,Higher Education,University of Edinburgh,Active,7/8/14 10:12,ACO Music Data Analysis 2014-17,2014-07-08,2017-06-30
47555,University_of_Edinburgh,Band 2,Higher Education,University of Edinburgh,Active,7/16/14 13:18,LOCKSS (Lots Of Copies Keep Stuff Safe) UK Alliance Membership 2014-15,2014-08-01,2015-07-31
47563,University_of_Edinburgh,Band 2,Higher Education,University of Edinburgh,Active,7/16/14 14:42,a-n The Artists Information Company 2014-17,2014-08-01,2017-07-31
47596,University_of_Edinburgh,Band 2,Higher Education,University of Edinburgh,Active,7/17/14 17:48,"The Burney Collection, 19th Century British Library Newspapers and 19th Century UK Periodicals Online Series 1 (2014 - 2017)",2014-08-01,2017-07-31
47609,University_of_Edinburgh,Band 2,Higher Education,University of Edinburgh,Active,7/18/14 10:33,EBSCO Education Databases,2014-08-01,2017-07-31
47679,University_of_Edinburgh,Band 2,Higher Education,University of Edinburgh,Active,7/22/14 12:13,JSTOR - Arts & Sciences X Collection-2012-15 renewal,2014-07-22,2015-07-31
47421,University_of_Essex,Band 5,Higher Education,University of Essex,Active,7/8/14 14:17,Digital Theatre Plus,2014-08-01,2016-04-30
47462,University_of_Essex,Band 5,Higher Education,University of Essex,Active,7/10/14 12:38,Jisc eCollections for Higher Education Institutions 2014-2017,2014-08-01,2017-07-31
47627,University_of_Essex,Band 5,Higher Education,University of Essex,Active,7/18/14 14:54,The Times Digital Archive (1785-1985) 2014-2017,2014-08-01,2017-07-31
47321,University_of_Exeter,Band 4,Higher Education,University of Exeter,Active,7/3/14 17:25,"The Burney Collection, 19th Century British Library Newspapers and 19th Century UK Periodicals Online Series 1 (2014 - 2017)",2014-08-01,2017-07-31
47455,University_of_Exeter,Band 4,Higher Education,University of Exeter,Active,7/10/14 9:41,Jisc eCollections for Higher Education Institutions 2014-2017,2014-08-01,2017-07-31
47601,University_of_Exeter,Band 4,Higher Education,University of Exeter,Active,7/18/14 9:48,EBSCO Education Databases,2014-08-01,2017-07-31
47683,University_of_Exeter,Band 4,Higher Education,University of Exeter,Active,7/22/14 13:34,Science Classic,2014-07-22,2114-06-30
47713,University_of_Exeter,Band 4,Higher Education,University of Exeter,Active,7/23/14 13:52,Early European Books Collections 1-4 and The Vogue Archive,2014-07-23,2014-10-31
47392,University_of_Glasgow,Band 2,Higher Education,University of Glasgow,Active,7/7/14 13:45,JSTOR - Arts & Sciences IX Collection-2012-15 renewal,2014-07-07,2015-07-31
47393,University_of_Glasgow,Band 2,Higher Education,University of Glasgow,Active,7/7/14 13:49,JSTOR - Arts & Sciences XII Collection 2012-15 renewal,2014-07-07,2015-07-31
47411,University_of_Glasgow,Band 2,Higher Education,University of Glasgow,Active,7/8/14 11:30,IOP Publishing APC Offsetting Pilot 2014-16,2014-07-08,2016-12-31
47524,University_of_Glasgow,Band 2,Higher Education,University of Glasgow,Active,7/15/14 15:14,LOCKSS (Lots Of Copies Keep Stuff Safe) UK Alliance Membership 2014-15,2014-08-01,2015-07-31
47573,University_of_Glasgow,Band 2,Higher Education,University of Glasgow,Active,7/16/14 16:23,Embase (via the Ovid platform): 2013 - 2016 Agreement ,2014-08-01,2016-07-31
47624,University_of_Glasgow,Band 2,Higher Education,University of Glasgow,Active,7/18/14 14:07,Jisc eCollections: Historical Texts and Journal Archives for HE 2014-2017,2014-08-01,2017-07-31
47673,University_of_Glasgow,Band 2,Higher Education,University of Glasgow,Active,7/22/14 10:15,EBSCO Education Databases,2014-08-01,2017-07-31
47677,University_of_Glasgow,Band 2,Higher Education,University of Glasgow,Active,7/22/14 11:26,"The Burney Collection, 19th Century British Library Newspapers and 19th Century UK Periodicals Online Series 1 (2014 - 2017)",2014-08-01,2017-07-31
47687,University_of_Hertfordshire,Band 4,Higher Education,University of Hertfordshire,Active,7/22/14 14:18,Jisc eCollections for Higher Education Institutions 2014-2017,2014-08-01,2017-07-31
47688,University_of_Hertfordshire,Band 4,Higher Education,University of Hertfordshire,Active,7/22/14 14:27,The Times Digital Archive (1785-1985) 2014-2017,2014-08-01,2017-07-31
47287,University_of_Huddersfield,Band 5,Higher Education,University of Huddersfield,Active,7/2/14 11:06,The Times Digital Archive (1785-1985) 2014-2017,2014-08-01,2017-07-31
47341,University_of_Huddersfield,Band 5,Higher Education,University of Huddersfield,Active,7/4/14 12:17,RSC Journals Archive 1841-2007 for NESLi2 subscribers,2014-07-04,2018-12-31
47606,University_of_Huddersfield,Band 5,Higher Education,University of Huddersfield,Active,7/18/14 10:11,EBSCO Education Databases,2014-08-01,2017-07-31
47704,University_of_Huddersfield,Band 5,Higher Education,University of Huddersfield,Active,7/23/14 9:45,Science Classic,2014-07-23,2114-06-30
47743,University_of_Huddersfield,Band 5,Higher Education,University of Huddersfield,Active,7/25/14 10:12,BrowZine,2014-08-01,2014-12-31
47466,University_of_Hull,Band 5,Higher Education,University of Hull,Active,7/10/14 14:12,Environment Digimap (2014-2015),2014-08-01,2015-07-31
47741,University_of_Hull,Band 5,Higher Education,University of Hull,Active,7/24/14 16:31,The Times Digital Archive (1785-1985) 2014-2017,2014-08-01,2017-07-31
47330,University_of_Kent,Band 5,Higher Education,University of Kent,Active,7/4/14 10:02,Jisc eCollections for Higher Education Institutions 2014-2017,2014-08-01,2017-07-31
47436,University_of_Kent,Band 5,Higher Education,University of Kent,Active,7/9/14 14:21,JSTOR - Arts & Sciences VIII Collection 2012-15 renewal,2014-07-09,2015-07-31
47437,University_of_Kent,Band 5,Higher Education,University of Kent,Active,7/9/14 14:21,JSTOR - Arts & Sciences XIII Collection 2012-15 renewal,2014-07-09,2015-07-31
47487,University_of_Kent,Band 5,Higher Education,University of Kent,Active,7/14/14 9:06,"The Burney Collection, 19th Century British Library Newspapers and 19th Century UK Periodicals Online Series 1 (2014 - 2017)",2014-08-01,2017-07-31
47761,University_of_Kent,Band 5,Higher Education,University of Kent,Active,7/28/14 9:02,EBSCO Education Databases,2014-08-01,2017-07-31
47775,University_of_Kent,Band 5,Higher Education,University of Kent,Active,7/28/14 14:36,The Times Digital Archive (1785-2008 and rolling) 2014-2017,2014-08-01,2017-07-31
47786,University_of_Kent,Band 5,Higher Education,University of Kent,Active,7/29/14 12:28,Elsevier eBooks Evidence Based Selection Pre 2007 - 2013,2014-07-29,2014-12-31
47327,University_of_Leicester,Band 4,Higher Education,University of Leicester,Active,7/4/14 9:18,"The Burney Collection, 19th Century British Library Newspapers and 19th Century UK Periodicals Online Series 1 (2014 - 2017)",2014-08-01,2017-07-31
47598,University_of_Leicester,Band 4,Higher Education,University of Leicester,Active,7/18/14 9:10,The Times Digital Archive (1785-1985) 2014-2017,2014-08-01,2017-07-31
47632,University_of_Leicester,Band 4,Higher Education,University of Leicester,Active,7/18/14 16:25,EBSCO Education Databases,2014-08-01,2017-07-31
47814,University_of_Lincoln,Band 7,Higher Education,University of Lincoln,Active,7/30/14 13:51,a-n The Artists Information Company 2014-17,2014-08-01,2017-07-31
47267,University_of_Liverpool,Band 3,Higher Education,University of Liverpool,Active,7/1/14 11:56,IOP Publishing APC Offsetting Pilot 2014-16,2014-07-01,2016-12-31
47307,University_of_Liverpool,Band 3,Higher Education,University of Liverpool,Active,7/3/14 9:00,The Times Digital Archive (1785-2008 and rolling) 2014-2017,2014-08-01,2017-07-31
47433,University_of_Liverpool,Band 3,Higher Education,University of Liverpool,Active,7/9/14 12:34,Jisc eCollections for Higher Education Institutions 2014-2017,2014-08-01,2017-07-31
47324,University_of_London,Band 5,Higher Education,University of London,Active,7/4/14 9:03,Jisc eCollections for Higher Education Institutions 2014-2017,2014-08-01,2017-07-31
47326,University_of_London,Band 5,Higher Education,University of London,Active,7/4/14 9:14,"The Burney Collection, 19th Century British Library Newspapers and 19th Century UK Periodicals Online Series 1 (2014 - 2017)",2014-08-01,2017-07-31
47441,University_of_Manchester,Band 1,Higher Education,University of Manchester,Active,7/9/14 15:12,IOP Publishing NESLi2 2014 agreement - Option 2,2014-07-09,2014-12-31
47442,University_of_Manchester,Band 1,Higher Education,University of Manchester,Active,7/9/14 15:13,IOP Publishing APC Offsetting Pilot 2014-16,2014-07-09,2016-12-31
47551,University_of_Manchester,Band 1,Higher Education,University of Manchester,Active,7/16/14 13:00,Jisc eCollections for Higher Education Institutions 2014-2017,2014-08-01,2017-07-31
47636,University_of_Manchester,Band 1,Higher Education,University of Manchester,Active,7/21/14 8:53,Elsevier eBooks Evidence Based Selection Pre 2007 - 2013,2014-07-21,2014-12-31
47537,University_of_Northampton,Band 6,Higher Education,University of Northampton,Active,7/16/14 9:41,Springer e-Books Collections 2014 - 2015,2014-07-16,2015-12-31
47726,University_of_Northampton,Band 6,Higher Education,University of Northampton,Active,7/24/14 12:21,The Times Digital Archive (1785-1985) 2014-2017,2014-08-01,2017-07-31
47672,University_of_Nottingham,Band 2,Higher Education,University of Nottingham,Active,7/22/14 10:09,Drama Online: Perpetual Purchase ,2014-07-22,2115-02-28
47678,University_of_Nottingham,Band 2,Higher Education,University of Nottingham,Active,7/22/14 11:56,Jisc eCollections for Higher Education Institutions 2014-2017,2014-08-01,2017-07-31
47724,University_of_Nottingham,Band 2,Higher Education,University of Nottingham,Active,7/24/14 12:02,EBSCO Education Databases,2014-08-01,2017-07-31
47779,University_of_Nottingham,Band 2,Higher Education,University of Nottingham,Active,7/28/14 16:41,"The Burney Collection, 19th Century British Library Newspapers and 19th Century UK Periodicals Online Series 1 (2014 - 2017)",2014-08-01,2017-07-31
47780,University_of_Nottingham,Band 2,Higher Education,University of Nottingham,Active,7/28/14 17:15,Early European Books Collections 1-4 and The Vogue Archive,2014-07-28,2014-10-31
47407,University_of_Oxford,Band 1,Higher Education,University of Oxford,Active,7/8/14 9:57,British Standards Online 2014-2017,2014-07-08,2017-05-31
47477,University_of_Oxford,Band 1,Higher Education,University of Oxford,Active,7/11/14 11:12,Shakespeare Survey Online 2014-2015,2014-07-11,2015-01-08
47515,University_of_Oxford,Band 1,Higher Education,University of Oxford,Active,7/15/14 13:48,Credo Reference Academic Core 100 Collection with Standard Topic Pages (2014-2017) - Annual Commitment,2014-07-15,2017-05-31
47599,University_of_Oxford,Band 1,Higher Education,University of Oxford,Active,7/18/14 9:36,EBSCO Education Databases,2014-08-01,2017-07-31
47637,University_of_Oxford,Band 1,Higher Education,University of Oxford,Active,7/21/14 8:57,"The Burney Collection, 19th Century British Library Newspapers and 19th Century UK Periodicals Online Series 1 (2014 - 2017)",2014-08-01,2017-07-31
47641,University_of_Oxford,Band 1,Higher Education,University of Oxford,Active,7/21/14 10:03,JSTOR - Arts & Sciences VI Collection-2012-15 renewal,2014-07-21,2015-07-31
47712,University_of_Oxford,Band 1,Higher Education,University of Oxford,Active,7/23/14 12:59,LOCKSS (Lots Of Copies Keep Stuff Safe) UK Alliance Membership 2014-15,2014-08-01,2015-07-31
47454,University_of_Plymouth,Band 5,Higher Education,University of Plymouth,Active,7/10/14 9:39,Environment Digimap (2014-2015),2014-08-01,2015-07-31
47497,University_of_Plymouth,Band 5,Higher Education,University of Plymouth,Active,7/14/14 14:43,Jisc eCollections for Higher Education Institutions 2014-2017,2014-08-01,2017-07-31
47595,University_of_Plymouth,Band 5,Higher Education,University of Plymouth,Active,7/17/14 17:02,Oxford University Press NESLi2 2014 Subject/Bespoke Collections offer ,2014-07-17,2014-12-31
47813,University_of_Plymouth,Band 5,Higher Education,University of Plymouth,Active,7/30/14 13:45,EBSCO Education Databases,2014-08-01,2017-07-31
47423,University_of_Reading,Band 5,Higher Education,University of Reading,Active,7/8/14 15:12,The Times Digital Archive (1785-2008 and rolling) 2014-2017,2014-08-01,2017-07-31
47490,University_of_Reading,Band 5,Higher Education,University of Reading,Active,7/14/14 10:57,Credo Reference Academic Core Premium Collection with Customised Topic Pages (2014-2017) - 3 Year Commitment,2014-07-14,2017-05-31
47566,University_of_Reading,Band 5,Higher Education,University of Reading,Active,7/16/14 15:15,Environment Digimap (2014-2015),2014-08-01,2015-07-31
47790,University_of_Reading,Band 5,Higher Education,University of Reading,Active,7/29/14 13:20,EBSCO Education Databases,2014-08-01,2017-07-31
47488,University_of_Salford,Band 5,Higher Education,University of Salford,Active,7/14/14 9:33,Portico eJournals (2014-2017),2014-07-14,2017-06-30
47764,University_of_Salford,Band 5,Higher Education,University of Salford,Active,7/28/14 9:45,a-n The Artists Information Company 2014-17,2014-08-01,2017-07-31
47765,University_of_Salford,Band 5,Higher Education,University of Salford,Active,7/28/14 9:49,EBSCO Education Databases,2014-08-01,2017-07-31
47658,University_of_Sheffield,Band 3,Higher Education,University of Sheffield,Active,7/21/14 14:51,EBSCO Education Databases,2014-08-01,2017-07-31
47451,University_of_South_Wales,Band 5,Higher Education,University of South Wales,Active,7/10/14 9:08,The Times Digital Archive (1785-2008) WHEEL 2014-2017,2014-08-01,2017-07-31
47533,University_of_South_Wales,Band 5,Higher Education,University of South Wales,Active,7/15/14 16:41,a-n The Artists Information Company 2014-17,2014-08-01,2017-07-31
47539,University_of_Southampton,Band 3,Higher Education,University of Southampton,Active,7/16/14 10:04,Annual Reviews NESLi2 2012 to 2014 agreement (Annual commitment - 2014 only) ,2014-07-16,2014-12-31
47625,University_of_Southampton,Band 3,Higher Education,University of Southampton,Active,7/18/14 14:19,Portico eJournals (2014-2017),2014-07-18,2017-06-30
47626,University_of_Southampton,Band 3,Higher Education,University of Southampton,Active,7/18/14 14:22,Portico eBooks (2014-2017),2014-07-18,2017-06-30
47729,University_of_Southampton,Band 3,Higher Education,University of Southampton,Active,7/24/14 12:36,"The Burney Collection, 19th Century British Library Newspapers and 19th Century UK Periodicals Online Series 1 (2014 - 2017)",2014-08-01,2017-07-31
47806,University_of_Southampton,Band 3,Higher Education,University of Southampton,Active,7/30/14 10:17,Environment Digimap (2014-2015),2014-08-01,2015-07-31
47815,University_of_Southampton,Band 3,Higher Education,University of Southampton,Active,7/30/14 14:18,Jisc eCollections for Higher Education Institutions 2014-2017,2014-08-01,2017-07-31
47592,University_of_St_Andrews,Band 5,Higher Education,University of St Andrews,Active,7/17/14 15:21,LOCKSS (Lots Of Copies Keep Stuff Safe) UK Alliance Membership 2014-15,2014-08-01,2015-07-31
47652,University_of_St_Andrews,Band 5,Higher Education,University of St Andrews,Active,7/21/14 12:47,EBSCO Education Databases,2014-08-01,2017-07-31
47693,University_of_St_Andrews,Band 5,Higher Education,University of St Andrews,Active,7/22/14 15:48,JSTOR - Arts & Sciences XII Collection 2012-15 renewal,2014-07-22,2015-07-31
47694,University_of_St_Andrews,Band 5,Higher Education,University of St Andrews,Active,7/22/14 15:48,JSTOR - Business IV Collection-2012-15 renewal,2014-07-22,2015-07-31
47801,University_of_St_Andrews,Band 5,Higher Education,University of St Andrews,Active,7/29/14 16:00,Jisc eCollections for Higher Education Institutions 2014-2017,2014-08-01,2017-07-31
47564,University_of_Stirling,Band 6,Higher Education,University of Stirling,Active,7/16/14 15:04,Jisc eCollections for Higher Education Institutions 2014-2017,2014-08-01,2017-07-31
47572,University_of_Stirling,Band 6,Higher Education,University of Stirling,Active,7/16/14 15:59,Environment Digimap (2014-2015),2014-08-01,2015-07-31
47742,University_of_Stirling,Band 6,Higher Education,University of Stirling,Active,7/24/14 17:02,EBSCO Education Databases,2014-08-01,2017-07-31
47304,University_of_Strathclyde,Band 4,Higher Education,University of Strathclyde,Active,7/2/14 17:08,"The Burney Collection, 19th Century British Library Newspapers and 19th Century UK Periodicals Online Series 1 (2014 - 2017)",2014-08-01,2017-07-31
47538,University_of_Sunderland,Band 5,Higher Education,University of Sunderland,Active,7/16/14 9:54,a-n The Artists Information Company 2014-17,2014-08-01,2017-07-31
47654,University_of_Sunderland,Band 5,Higher Education,University of Sunderland,Active,7/21/14 14:16,EBSCO Education Databases,2014-08-01,2017-07-31
47501,University_of_Surrey,Band 5,Higher Education,University of Surrey,Active,7/14/14 16:09,Jisc eCollections for Higher Education Institutions 2014-2017,2014-08-01,2017-07-31
47633,University_of_Sussex,Band 5,Higher Education,University of Sussex,Active,7/18/14 16:34,Jisc eCollections for Higher Education Institutions 2014-2017,2014-08-01,2017-07-31
47734,University_of_Sussex,Band 5,Higher Education,University of Sussex,Active,7/24/14 15:07,EBSCO Education Databases,2014-08-01,2017-07-31
47738,University_of_Sussex,Band 5,Higher Education,University of Sussex,Active,7/24/14 15:37,"The Burney Collection, 19th Century British Library Newspapers and 19th Century UK Periodicals Online Series 1 (2014 - 2017)",2014-08-01,2017-07-31
47757,University_of_Sussex,Band 5,Higher Education,University of Sussex,Active,7/25/14 13:08,Early European Books Collections 1-4 and The Vogue Archive,2014-07-25,2014-10-31
47770,University_of_Sussex,Band 5,Higher Education,University of Sussex,Active,7/28/14 12:40,The Times Digital Archive (1785-2008 and rolling) 2014-2017,2014-08-01,2017-07-31
47344,University_of_the_Arts_London,Band 5,Higher Education,University of the Arts London,Active,7/4/14 12:57,Social Theory Perpetual Purchase (2014 to 2016 Pricing),2014-09-30,2115-09-29
47509,University_of_the_Arts_London,Band 5,Higher Education,University of the Arts London,Active,7/15/14 11:46,De Gruyter Online Journal Archive,2014-07-15,2018-05-09
47518,University_of_the_Arts_London,Band 5,Higher Education,University of the Arts London,Active,7/15/14 14:43,a-n The Artists Information Company 2014-17,2014-08-01,2017-07-31
47547,University_of_the_Arts_London,Band 5,Higher Education,University of the Arts London,Active,7/16/14 12:03,Early European Books Collections 1-4 and The Vogue Archive,2014-07-16,2014-10-31
47261,University_of_the_Highlands_and_Islands,Band 7,Higher Education,University of the Highlands and Islands,Active,7/1/14 9:58,British Standards Online 2014-2017,2014-07-01,2017-05-31
47429,University_of_the_West_of_England,Band 5,Higher Education,University of the West of England,Active,7/9/14 10:31,Environment Digimap (2014-2015),2014-08-01,2015-07-31
47709,University_of_the_West_of_England,Band 5,Higher Education,University of the West of England,Active,7/23/14 11:25,The Times Digital Archive (1785-1985) 2014-2017,2014-08-01,2017-07-31
47710,University_of_the_West_of_England,Band 5,Higher Education,University of the West of England,Active,7/23/14 11:45,"The Burney Collection, 19th Century British Library Newspapers and 19th Century UK Periodicals Online Series 1 (2014 - 2017)",2014-08-01,2017-07-31
47810,University_of_the_West_of_England,Band 5,Higher Education,University of the West of England,Active,7/30/14 12:20,EBSCO Education Databases,2014-08-01,2017-07-31
47359,University_of_the_West_of_Scotland,Band 6,Higher Education,University of the West of Scotland,Active,7/4/14 15:10,Early European Books Collections 1-4 and The Vogue Archive,2014-07-04,2014-10-31
47567,University_of_Ulster,Band 5,Higher Education,University of Ulster,Active,7/16/14 15:23,Jisc eCollections for Higher Education Institutions 2014-2017,2014-08-01,2017-07-31
47605,University_of_Ulster,Band 5,Higher Education,University of Ulster,Active,7/18/14 10:04,EBSCO Education Databases,2014-08-01,2017-07-31
47283,University_of_Wales_Trinity_St_David,Band 7,Higher Education,University of Wales Trinity St David,Active,7/2/14 9:32,"The Burney Collection, 19th Century British Library Newspapers and 19th Century UK Periodicals Online Series 1 (2014 - 2017)",2014-08-01,2017-07-31
47452,University_of_Wales_Trinity_St_David,Band 7,Higher Education,University of Wales Trinity St David,Active,7/10/14 9:11,The Times Digital Archive (1785-2008) WHEEL 2014-2017,2014-08-01,2017-07-31
47692,University_of_Wales_Trinity_St_David,Band 7,Higher Education,University of Wales Trinity St David,Active,7/22/14 15:27,EBSCO Education Databases,2014-08-01,2017-07-31
47470,University_of_Westminster,Band 5,Higher Education,University of Westminster,Active,7/10/14 16:10,Early European Books Collections 1-4 and The Vogue Archive,2014-07-10,2014-10-31
47660,University_of_Westminster,Band 5,Higher Education,University of Westminster,Active,7/21/14 15:23,a-n The Artists Information Company 2014-17,2014-08-01,2017-07-31
47431,University_of_Winchester,Band 8,Higher Education,University of Winchester,Active,7/9/14 11:37,Jisc eCollections for Higher Education Institutions 2014-2017,2014-08-01,2017-07-31
47588,University_of_Winchester,Band 8,Higher Education,University of Winchester,Active,7/17/14 14:12,Early European Books Collections 1-4 and The Vogue Archive,2014-07-17,2014-10-31
47617,University_of_Winchester,Band 8,Higher Education,University of Winchester,Active,7/18/14 12:35,EBSCO Education Databases,2014-08-01,2017-07-31
47364,University_of_Worcester,Band 7,Higher Education,University of Worcester,Active,7/4/14 16:33,"The Burney Collection, 19th Century British Library Newspapers and 19th Century UK Periodicals Online Series 1 (2014 - 2017)",2014-08-01,2017-07-31
47788,University_of_Worcester,Band 7,Higher Education,University of Worcester,Active,7/29/14 12:40,EBSCO Education Databases,2014-08-01,2017-07-31
47821,University_of_Worcester,Band 7,Higher Education,University of Worcester,Active,7/30/14 15:13,Bureau van Dijk Databases 2012-2015 Agreement ,2014-08-01,2015-11-30
47270,University_of_York,Band 4,Higher Education,University of York,Active,7/1/14 13:03,The Times Digital Archive (1785-1985) 2014-2017,2014-08-01,2017-07-31
47271,University_of_York,Band 4,Higher Education,University of York,Active,7/1/14 13:21,"The Burney Collection, 19th Century British Library Newspapers and 19th Century UK Periodicals Online Series 1 (2014 - 2017)",2014-08-01,2017-07-31
47550,University_of_York,Band 4,Higher Education,University of York,Active,7/16/14 12:28,Early European Books Collections 1-4 and The Vogue Archive,2014-07-16,2014-10-31
47265,Wellcome_Trust,Band 10,Higher Education,Wellcome Trust,Active,7/1/14 11:28,"The Burney Collection, 19th Century British Library Newspapers and 19th Century UK Periodicals Online Series 1 (2014 - 2017)",2014-08-01,2017-07-31
47268,Wellcome_Trust,Band 10,Higher Education,Wellcome Trust,Active,7/1/14 12:23,Jisc eCollections for Higher Education Institutions 2014-2017,2014-08-01,2017-07-31
47668,Wellcome_Trust,Band 10,Higher Education,Wellcome Trust,Active,7/21/14 16:53,Science Classic,2014-07-21,2114-06-30
47561,York_St_John_University,Band 9,Higher Education,York St John University,Active,7/16/14 14:34,a-n The Artists Information Company 2014-17,2014-08-01,2017-07-31
47578,York_St_John_University,Band 9,Higher Education,York St John University,Active,7/17/14 8:35,Early European Books Collections 1-4 and The Vogue Archive,2014-07-17,2014-10-31
47670,York_St_John_University,Band 9,Higher Education,York St John University,Active,7/22/14 9:19,EBSCO Education Databases,2014-08-01,2017-07-31
